Workbook

Sheet Data
A1: Generation | B1: day | C1: time_of_day | D1: Date | E1: start_time | F1: end_time | G1: Time_Elapsed | H1: Maze_Order | I1: Treatment | J1: Lineage | K1: Maze | L1: Sex | M1: 1 | N1: 2 | O1: 3 | P1: 4 | Q1: 5 | R1: 6 | S1: 7 | T1: 8 | U1: 9 | V1: 10 | W1: 11 | X1: 12 | Y1: 13 | Z1: 14 | AA1: 15 | AB1: 16 | AC1: Lightscore | AD1: total_Flies | AE1: Vials_Larvae_UsedInMaze | AF1: Vials_Total_UsedInMaze | AG1: Flies_per_Vial | AH1: flies_in | AI1: prop_out | AJ1: vials uneclosed by sexing day | AK1: start_time_num | AL1: end_time_num | AM1: time_elapsed_num | AN1: blind
A2: 1 | B2: 1 | C2: morn | D2: 24-01-2025 | E2: 0.42430556 | F2: 0.52083333 | G2: 0.096527778 | H2: ABCD | I2: S | J2: 1 | K2: A | L2: F | M2: 1 | N2: 0 | O2: 0 | P2: 0 | Q2: 2 | R2: 2 | S2: 2 | T2: 10 | U2: 4 | V2: 6 | W2: 5 | X2: 2 | Y2: 6 | Z2: 3 | AA2: 7 | AB2: 4 | AC2: =SUMPRODUCT(OG_Data!D$1:S$1, M2:AB2) /SUM(M2:AB2) -> 10.759259 | AD2: =SUM(M2:AB2) -> 54 | AH2: =Table3[[#This Row],[Flies_per_Vial]]*Table3[[#This Row],[Vials_Total_UsedInMaze]] -> 0 | AK2: =24*E2 -> 10.183333 | AL2: =24*F2 -> 12.5 | AM2: =Table3[[#This Row],[end_time_num]]-Table3[[#This Row],[start_time_num]] -> 2.3166667
A3: 1 | B3: 1 | C3: morn | D3: 24-01-2025 | E3: 0.42430556 | F3: 0.52083333 | G3: 0.096527778 | H3: ABCD | I3: S | J3: 1 | K3: B | L3: M | M3: 1 | N3: 2 | O3: 1 | P3: 1 | Q3: 2 | R3: 1 | S3: 6 | T3: 12 | U3: 10 | V3: 5 | W3: 7 | X3: 8 | Y3: 3 | Z3: 1 | AA3: 2 | AB3: 1 | AC3: =SUMPRODUCT(OG_Data!D$1:S$1, M3:AB3) /SUM(M3:AB3) -> 9.1746032 | AD3: =SUM(M3:AB3) -> 63 | AH3: =Table3[[#This Row],[Flies_per_Vial]]*Table3[[#This Row],[Vials_Total_UsedInMaze]] -> 0 | AK3: =24*E3 -> 10.183333 | AL3: =24*F3 -> 12.5 | AM3: =Table3[[#This Row],[end_time_num]]-Table3[[#This Row],[start_time_num]] -> 2.3166667
A4: 1 | B4: 1 | C4: morn | D4: 24-01-2025 | E4: 0.42430556 | F4: 0.52083333 | G4: 0.096527778 | H4: ABCD | I4: S | J4: 1 | K4: C | L4: M | M4: 0 | N4: 2 | O4: 0 | P4: 1 | Q4: 1 | R4: 0 | S4: 1 | T4: 4 | U4: 0 | V4: 0 | W4: 2 | X4: 0 | Y4: 0 | Z4: 0 | AA4: 0 | AB4: 0 | AC4: =SUMPRODUCT(OG_Data!D$1:S$1, M4:AB4) /SUM(M4:AB4) -> 6.7272727 | AD4: =SUM(M4:AB4) -> 11 | AH4: =Table3[[#This Row],[Flies_per_Vial]]*Table3[[#This Row],[Vials_Total_UsedInMaze]] -> 0 | AK4: =24*E4 -> 10.183333 | AL4: =24*F4 -> 12.5 | AM4: =Table3[[#This Row],[end_time_num]]-Table3[[#This Row],[start_time_num]] -> 2.3166667
A5: 1 | B5: 1 | C5: morn | D5: 24-01-2025 | E5: 0.42430556 | F5: 0.52083333 | G5: 0.096527778 | H5: ABCD | I5: S | J5: 1 | K5: D | L5: F | M5: 2 | N5: 1 | O5: 2 | P5: 0 | Q5: 0 | R5: 0 | S5: 0 | T5: 0 | U5: 2 | V5: 1 | W5: 0 | X5: 2 | Y5: 1 | Z5: 1 | AA5: 1 | AB5: 0 | AC5: =SUMPRODUCT(OG_Data!D$1:S$1, M5:AB5) /SUM(M5:AB5) -> 8 | AD5: =SUM(M5:AB5) -> 13 | AH5: =Table3[[#This Row],[Flies_per_Vial]]*Table3[[#This Row],[Vials_Total_UsedInMaze]] -> 0 | AK5: =24*E5 -> 10.183333 | AL5: =24*F5 -> 12.5 | AM5: =Table3[[#This Row],[end_time_num]]-Table3[[#This Row],[start_time_num]] -> 2.3166667
A6: 1 | B6: 1 | C6: aft | D6: 24-01-2025 | E6: 0.64236111 | F6: 0.7625 | G6: 0.12013889 | H6: ABCD | I6: S | J6: 2 | K6: A | L6: F | M6: 1 | N6: 1 | O6: 0 | P6: 0 | Q6: 0 | R6: 6 | S6: 2 | T6: 11 | U6: 7 | V6: 15 | W6: 3 | X6: 6 | Y6: 7 | Z6: 9 | AA6: 5 | AB6: 8 | AC6: =SUMPRODUCT(OG_Data!D$1:S$1, M6:AB6) /SUM(M6:AB6) -> 10.851852 | AD6: =SUM(M6:AB6) -> 81 | AH6: =Table3[[#This Row],[Flies_per_Vial]]*Table3[[#This Row],[Vials_Total_UsedInMaze]] -> 0 | AK6: =24*E6 -> 15.416667 | AL6: =24*F6 -> 18.3 | AM6: =Table3[[#This Row],[end_time_num]]-Table3[[#This Row],[start_time_num]] -> 2.8833333
A7: 1 | B7: 1 | C7: aft | D7: 24-01-2025 | E7: 0.64236111 | F7: 0.7625 | G7: 0.12013889 | H7: ABCD | I7: S | J7: 2 | K7: B | L7: M | M7: 1 | N7: 3 | O7: 2 | P7: 1 | Q7: 2 | R7: 2 | S7: 7 | T7: 7 | U7: 8 | V7: 9 | W7: 4 | X7: 13 | Y7: 10 | Z7: 8 | AA7: 1 | AB7: 5 | AC7: =SUMPRODUCT(OG_Data!D$1:S$1, M7:AB7) /SUM(M7:AB7) -> 10.156627 | AD7: =SUM(M7:AB7) -> 83 | AH7: =Table3[[#This Row],[Flies_per_Vial]]*Table3[[#This Row],[Vials_Total_UsedInMaze]] -> 0 | AK7: =24*E7 -> 15.416667 | AL7: =24*F7 -> 18.3 | AM7: =Table3[[#This Row],[end_time_num]]-Table3[[#This Row],[start_time_num]] -> 2.8833333
A8: 1 | B8: 1 | C8: aft | D8: 24-01-2025 | E8: 0.64236111 | F8: 0.7625 | G8: 0.12013889 | H8: ABCD | I8: S | J8: 2 | K8: C | L8: M | M8: 0 | N8: 0 | O8: 0 | P8: 0 | Q8: 0 | R8: 0 | S8: 1 | T8: 2 | U8: 1 | V8: 0 | W8: 6 | X8: 3 | Y8: 0 | Z8: 1 | AA8: 2 | AB8: 1 | AC8: =SUMPRODUCT(OG_Data!D$1:S$1, M8:AB8) /SUM(M8:AB8) -> 11.411765 | AD8: =SUM(M8:AB8) -> 17 | AH8: =Table3[[#This Row],[Flies_per_Vial]]*Table3[[#This Row],[Vials_Total_UsedInMaze]] -> 0 | AK8: =24*E8 -> 15.416667 | AL8: =24*F8 -> 18.3 | AM8: =Table3[[#This Row],[end_time_num]]-Table3[[#This Row],[start_time_num]] -> 2.8833333
A9: 1 | B9: 1 | C9: aft | D9: 24-01-2025 | E9: 0.64236111 | F9: 0.7625 | G9: 0.12013889 | H9: ABCD | I9: S | J9: 2 | K9: D | L9: F | M9: 0 | N9: 2 | O9: 0 | P9: 2 | Q9: 0 | R9: 0 | S9: 1 | T9: 0 | U9: 0 | V9: 0 | W9: 0 | X9: 0 | Y9: 1 | Z9: 0 | AA9: 0 | AB9: 0 | AC9: =SUMPRODUCT(OG_Data!D$1:S$1, M9:AB9) /SUM(M9:AB9) -> 5.3333333 | AD9: =SUM(M9:AB9) -> 6 | AH9: =Table3[[#This Row],[Flies_per_Vial]]*Table3[[#This Row],[Vials_Total_UsedInMaze]] -> 0 | AK9: =24*E9 -> 15.416667 | AL9: =24*F9 -> 18.3 | AM9: =Table3[[#This Row],[end_time_num]]-Table3[[#This Row],[start_time_num]] -> 2.8833333
A10: 1 | B10: 2 | C10: morn | D10: 25-01-2025 | E10: 0.38263889 | F10: 0.4375 | G10: 0.054861111 | H10: ABCD | I10: S | J10: 3 | K10: A | L10: M | M10: 0 | N10: 1 | O10: 0 | P10: 0 | Q10: 1 | R10: 1 | S10: 1 | T10: 4 | U10: 6 | V10: 6 | W10: 4 | X10: 0 | Y10: 0 | Z10: 1 | AA10: 1 | AB10: 0 | AC10: =SUMPRODUCT(OG_Data!D$1:S$1, M10:AB10) /SUM(M10:AB10) -> 9.1923077 | AD10: =SUM(M10:AB10) -> 26 | AH10: =Table3[[#This Row],[Flies_per_Vial]]*Table3[[#This Row],[Vials_Total_UsedInMaze]] -> 0 | AK10: =24*E10 -> 9.1833333 | AL10: =24*F10 -> 10.5 | AM10: =Table3[[#This Row],[end_time_num]]-Table3[[#This Row],[start_time_num]] -> 1.3166667
A11: 1 | B11: 2 | C11: morn | D11: 25-01-2025 | E11: 0.38263889 | F11: 0.4375 | G11: 0.054861111 | H11: ABCD | I11: S | J11: 3 | K11: B | L11: F | M11: 1 | N11: 2 | O11: 0 | P11: 0 | Q11: 3 | R11: 0 | S11: 6 | T11: 8 | U11: 3 | V11: 7 | W11: 5 | X11: 5 | Y11: 9 | Z11: 7 | AA11: 5 | AB11: 2 | AC11: =SUMPRODUCT(OG_Data!D$1:S$1, M11:AB11) /SUM(M11:AB11) -> 10.47619 | AD11: =SUM(M11:AB11) -> 63 | AH11: =Table3[[#This Row],[Flies_per_Vial]]*Table3[[#This Row],[Vials_Total_UsedInMaze]] -> 0 | AK11: =24*E11 -> 9.1833333 | AL11: =24*F11 -> 10.5 | AM11: =Table3[[#This Row],[end_time_num]]-Table3[[#This Row],[start_time_num]] -> 1.3166667
A12: 1 | B12: 2 | C12: morn | D12: 25-01-2025 | E12: 0.46875 | F12: 0.53125 | G12: 0.0625 | H12: ABCD | I12: S | J12: 3 | K12: A | L12: M | M12: 0 | N12: 4 | O12: 2 | P12: 0 | Q12: 3 | R12: 4 | S12: 4 | T12: 11 | U12: 7 | V12: 7 | W12: 15 | X12: 10 | Y12: 5 | Z12: 10 | AA12: 2 | AB12: 2 | AC12: =SUMPRODUCT(OG_Data!D$1:S$1, M12:AB12) /SUM(M12:AB12) -> 9.9302326 | AD12: =SUM(M12:AB12) -> 86 | AH12: =Table3[[#This Row],[Flies_per_Vial]]*Table3[[#This Row],[Vials_Total_UsedInMaze]] -> 0 | AK12: =24*E12 -> 11.25 | AL12: =24*F12 -> 12.75 | AM12: =Table3[[#This Row],[end_time_num]]-Table3[[#This Row],[start_time_num]] -> 1.5
A13: 1 | B13: 2 | C13: morn | D13: 25-01-2025 | E13: 0.46875 | F13: 0.53125 | G13: 0.0625 | H13: ABCD | I13: S | J13: 3 | K13: B | L13: F | M13: 4 | N13: 8 | O13: 8 | P13: 4 | Q13: 4 | R13: 5 | S13: 6 | T13: 11 | U13: 9 | V13: 6 | W13: 10 | X13: 9 | Y13: 3 | Z13: 1 | AA13: 3 | AB13: 2 | AC13: =SUMPRODUCT(OG_Data!D$1:S$1, M13:AB13) /SUM(M13:AB13) -> 7.8387097 | AD13: =SUM(M13:AB13) -> 93 | AH13: =Table3[[#This Row],[Flies_per_Vial]]*Table3[[#This Row],[Vials_Total_UsedInMaze]] -> 0 | AK13: =24*E13 -> 11.25 | AL13: =24*F13 -> 12.75 | AM13: =Table3[[#This Row],[end_time_num]]-Table3[[#This Row],[start_time_num]] -> 1.5
... A27: 1 | B27: 3 | C27: aft | D27: 26-01-2025 | E27: 0.67916667 | F27: 0.79166667 | G27: 0.1125 | H27: ABCD | I27: C | J27: 4 | K27: B | L27: F | M27: 14 | N27: 13 | O27: 4 | P27: 1 | Q27: 2 | R27: 2 | S27: 4 | T27: 4 | U27: 3 | V27: 4 | W27: 1 | X27: 3 | Y27: 6 | Z27: 7 | AA27: 6 | AB27: 8 | AC27: =SUMPRODUCT(OG_Data!D$1:S$1, M27:AB27) /SUM(M27:AB27) -> 7.8780488 | AD27: =SUM(M27:AB27) -> 82 | AH27: =Table3[[#This Row],[Flies_per_Vial]]*Table3[[#This Row],[Vials_Total_UsedInMaze]] -> 0 | AK27: =24*E27 -> 16.3 | AL27: =24*F27 -> 19 | AM27: =Table3[[#This Row],[end_time_num]]-Table3[[#This Row],[start_time_num]] -> 2.7
A28: 2 | B28: 1 | C28: morn | D28: 05-02-2025 | E28: 0.46319444 | H28: ABCD | I28: S | J28: 1 | K28: A | L28: F | M28: 0 | N28: 0 | O28: 1 | P28: 2 | Q28: 2 | R28: 2 | S28: 2 | T28: 4 | U28: 9 | V28: 10 | W28: 10 | X28: 7 | Y28: 4 | Z28: 2 | AA28: 14 | AB28: 3 | AC28: =SUMPRODUCT(OG_Data!D$1:S$1, M28:AB28) /SUM(M28:AB28) -> 11 | AD28: =SUM(M28:AB28) -> 72 | AH28: =Table3[[#This Row],[Flies_per_Vial]]*Table3[[#This Row],[Vials_Total_UsedInMaze]] -> 0 | AK28: =24*E28 -> 11.116667
A29: 2 | B29: 1 | C29: morn | D29: 05-02-2025 | E29: 0.46319444 | H29: ABCD | I29: S | J29: 1 | K29: B | L29: M | M29: 0 | N29: 3 | O29: 2 | P29: 2 | Q29: 3 | R29: 3 | S29: 12 | T29: 11 | U29: 10 | V29: 9 | W29: 9 | X29: 4 | Y29: 7 | Z29: 5 | AA29: 6 | AB29: 2 | AC29: =SUMPRODUCT(OG_Data!D$1:S$1, M29:AB29) /SUM(M29:AB29) -> 9.4886364 | AD29: =SUM(M29:AB29) -> 88 | AH29: =Table3[[#This Row],[Flies_per_Vial]]*Table3[[#This Row],[Vials_Total_UsedInMaze]] -> 0 | AK29: =24*E29 -> 11.116667
A30: 2 | B30: 1 | C30: morn | D30: 05-02-2025 | E30: 0.46319444 | H30: ABCD | I30: S | J30: 1 | K30: C | L30: M | M30: 1 | N30: 6 | O30: 5 | P30: 2 | Q30: 3 | R30: 4 | S30: 3 | T30: 3 | U30: 3 | V30: 3 | W30: 2 | X30: 1 | Y30: 1 | Z30: 0 | AA30: 1 | AB30: 5 | AC30: =SUMPRODUCT(OG_Data!D$1:S$1, M30:AB30) /SUM(M30:AB30) -> 7.4186047 | AD30: =SUM(M30:AB30) -> 43 | AH30: =Table3[[#This Row],[Flies_per_Vial]]*Table3[[#This Row],[Vials_Total_UsedInMaze]] -> 0 | AK30: =24*E30 -> 11.116667
A31: 2 | B31: 1 | C31: morn | D31: 05-02-2025 | E31: 0.46319444 | H31: ABCD | I31: S | J31: 1 | K31: D | L31: F | M31: 0 | N31: 3 | O31: 6 | P31: 5 | Q31: 10 | R31: 7 | S31: 11 | T31: 10 | U31: 6 | V31: 3 | W31: 9 | X31: 9 | Y31: 2 | Z31: 3 | AA31: 0 | AB31: 0 | AC31: =SUMPRODUCT(OG_Data!D$1:S$1, M31:AB31) /SUM(M31:AB31) -> 7.7619048 | AD31: =SUM(M31:AB31) -> 84 | AH31: =Table3[[#This Row],[Flies_per_Vial]]*Table3[[#This Row],[Vials_Total_UsedInMaze]] -> 0 | AK31: =24*E31 -> 11.116667
A32: 2 | B32: 1 | C32: aft | D32: 05-02-2025 | E32: 0.59375 | H32: ABCD | I32: S | J32: 2 | K32: A | L32: F | M32: 0 | N32: 0 | O32: 0 | P32: 0 | Q32: 0 | R32: 1 | S32: 5 | T32: 3 | U32: 13 | V32: 19 | W32: 17 | X32: 12 | Y32: 23 | Z32: 5 | AA32: 7 | AB32: 3 | AC32: =SUMPRODUCT(OG_Data!D$1:S$1, M32:AB32) /SUM(M32:AB32) -> 11.342593 | AD32: =SUM(M32:AB32) -> 108 | AH32: =Table3[[#This Row],[Flies_per_Vial]]*Table3[[#This Row],[Vials_Total_UsedInMaze]] -> 0 | AK32: =24*E32 -> 14.25
A33: 2 | B33: 1 | C33: aft | D33: 05-02-2025 | E33: 0.59375 | H33: ABCD | I33: S | J33: 2 | K33: B | L33: M | M33: 11 | N33: 0 | O33: 8 | P33: 3 | Q33: 6 | R33: 4 | S33: 8 | T33: 8 | U33: 6 | V33: 7 | W33: 4 | X33: 4 | Y33: 2 | Z33: 4 | AA33: 0 | AB33: 0 | AC33: =SUMPRODUCT(OG_Data!D$1:S$1, M33:AB33) /SUM(M33:AB33) -> 6.92 | AD33: =SUM(M33:AB33) -> 75 | AH33: =Table3[[#This Row],[Flies_per_Vial]]*Table3[[#This Row],[Vials_Total_UsedInMaze]] -> 0 | AK33: =24*E33 -> 14.25
A34: 2 | B34: 1 | C34: aft | D34: 05-02-2025 | E34: 0.59375 | H34: ABCD | I34: S | J34: 2 | K34: C | L34: M | M34: 11 | N34: 14 | O34: 25 | P34: 1 | Q34: 9 | R34: 16 | S34: 5 | T34: 4 | U34: 2 | V34: 0 | W34: 1 | X34: 1 | Y34: 1 | Z34: 1 | AA34: 0 | AB34: 0 | AC34: =SUMPRODUCT(OG_Data!D$1:S$1, M34:AB34) /SUM(M34:AB34) -> 4.3296703 | AD34: =SUM(M34:AB34) -> 91 | AH34: =Table3[[#This Row],[Flies_per_Vial]]*Table3[[#This Row],[Vials_Total_UsedInMaze]] -> 0 | AK34: =24*E34 -> 14.25
A35: 2 | B35: 1 | C35: aft | D35: 05-02-2025 | E35: 0.59375 | H35: ABCD | I35: S | J35: 2 | K35: D | L35: F | M35: 0 | N35: 3 | O35: 5 | P35: 5 | Q35: 10 | R35: 7 | S35: 7 | T35: 12 | U35: 9 | V35: 13 | W35: 14 | X35: 5 | Y35: 2 | Z35: 0 | AA35: 0 | AB35: 0 | AC35: =SUMPRODUCT(OG_Data!D$1:S$1, M35:AB35) /SUM(M35:AB35) -> 7.923913 | AD35: =SUM(M35:AB35) -> 92 | AH35: =Table3[[#This Row],[Flies_per_Vial]]*Table3[[#This Row],[Vials_Total_UsedInMaze]] -> 0 | AK35: =24*E35 -> 14.25
A36: 2 | B36: 2 | C36: morn | D36: 06-02-2025 | E36: 0.43055556 | H36: ABCD | I36: S | J36: 3 | K36: A | L36: F | M36: 0 | N36: 1 | O36: 0 | P36: 6 | Q36: 1 | R36: 1 | S36: 3 | T36: 5 | U36: 10 | V36: 13 | W36: 11 | X36: 6 | Y36: 2 | Z36: 6 | AA36: 21 | AB36: 15 | AC36: =SUMPRODUCT(OG_Data!D$1:S$1, M36:AB36) /SUM(M36:AB36) -> 11.643564 | AD36: =SUM(M36:AB36) -> 101 | AH36: =Table3[[#This Row],[Flies_per_Vial]]*Table3[[#This Row],[Vials_Total_UsedInMaze]] -> 0 | AK36: =24*E36 -> 10.333333
A37: 2 | B37: 2 | C37: morn | D37: 06-02-2025 | E37: 0.43055556 | H37: ABCD | I37: S | J37: 3 | K37: B | L37: M | M37: 4 | N37: 4 | O37: 2 | P37: 0 | Q37: 0 | R37: 2 | S37: 8 | T37: 10 | U37: 6 | V37: 8 | W37: 6 | X37: 10 | Y37: 5 | Z37: 8 | AA37: 4 | AB37: 4 | AC37: =SUMPRODUCT(OG_Data!D$1:S$1, M37:AB37) /SUM(M37:AB37) -> 9.7160494 | AD37: =SUM(M37:AB37) -> 81 | AH37: =Table3[[#This Row],[Flies_per_Vial]]*Table3[[#This Row],[Vials_Total_UsedInMaze]] -> 0 | AK37: =24*E37 -> 10.333333
A38: 2 | B38: 2 | C38: morn | D38: 06-02-2025 | E38: 0.43055556 | H38: ABCD | I38: S | J38: 3 | K38: C | L38: M | M38: 6 | N38: 4 | O38: 0 | P38: 10 | Q38: 5 | R38: 6 | S38: 6 | T38: 11 | U38: 5 | V38: 4 | W38: 1 | X38: 7 | Y38: 2 | Z38: 3 | AA38: 0 | AB38: 0 | AC38: =SUMPRODUCT(OG_Data!D$1:S$1, M38:AB38) /SUM(M38:AB38) -> 7.0428571 | AD38: =SUM(M38:AB38) -> 70 | AH38: =Table3[[#This Row],[Flies_per_Vial]]*Table3[[#This Row],[Vials_Total_UsedInMaze]] -> 0 | AK38: =24*E38 -> 10.333333
A39: 2 | B39: 2 | C39: morn | D39: 06-02-2025 | E39: 0.43055556 | H39: ABCD | I39: S | J39: 3 | K39: D | L39: F | M39: 2 | N39: 4 | O39: 4 | P39: 2 | Q39: 11 | R39: 1 | S39: 0 | T39: 11 | U39: 6 | V39: 5 | W39: 4 | X39: 8 | Y39: 0 | Z39: 0 | AA39: 0 | AB39: 0 | AC39: =SUMPRODUCT(OG_Data!D$1:S$1, M39:AB39) /SUM(M39:AB39) -> 7.2931034 | AD39: =SUM(M39:AB39) -> 58 | AH39: =Table3[[#This Row],[Flies_per_Vial]]*Table3[[#This Row],[Vials_Total_UsedInMaze]] -> 0 | AK39: =24*E39 -> 10.333333
... A43: 2 | B43: 2 | C43: aft | D43: 06-02-2025 | E43: 0.54444444 | H43: ABCD | I43: S | J43: 4 | K43: D | L43: F | M43: 1 | N43: 10 | O43: 7 | P43: 6 | Q43: 2 | R43: 2 | S43: 0 | T43: 12 | U43: 8 | V43: 3 | W43: 1 | X43: 1 | Y43: 0 | Z43: 1 | AA43: 0 | AB43: 0 | AC43: =SUMPRODUCT(OG_Data!D$1:S$1, M43:AB43) /SUM(M43:AB43) -> 5.9814815 | AD43: =SUM(M43:AB43) -> 54 | AH43: =Table3[[#This Row],[Flies_per_Vial]]*Table3[[#This Row],[Vials_Total_UsedInMaze]] -> 0 | AK43: =24*E43 -> 13.066667
A44: 3 | B44: 1 | C44: morn | D44: 24-02-2025 | E44: 0.37847222 | H44: ABCD | I44: S | J44: 2 | K44: A | L44: M | M44: 0 | N44: 0 | O44: 0 | P44: 0 | Q44: 3 | R44: 1 | S44: 1 | T44: 5 | U44: 5 | V44: 7 | W44: 5 | X44: 3 | Y44: 4 | Z44: 6 | AA44: 16 | AB44: 14 | AC44: =SUMPRODUCT(OG_Data!D$1:S$1, M44:AB44) /SUM(M44:AB44) -> 12.485714 | AD44: =SUM(M44:AB44) -> 70 | AE44: 0 | AF44: 6 | AH44: =Table3[[#This Row],[Flies_per_Vial]]*Table3[[#This Row],[Vials_Total_UsedInMaze]] -> 0 | AK44: =24*E44 -> 9.0833333
A45: 3 | B45: 1 | C45: morn | D45: 24-02-2025 | E45: 0.37847222 | H45: ABCD | I45: S | J45: 2 | K45: B | L45: F | M45: 7 | N45: 3 | O45: 1 | P45: 1 | Q45: 1 | R45: 5 | S45: 10 | T45: 7 | U45: 7 | V45: 6 | W45: 8 | X45: 11 | Y45: 7 | Z45: 8 | AA45: 8 | AB45: 5 | AC45: =SUMPRODUCT(OG_Data!D$1:S$1, M45:AB45) /SUM(M45:AB45) -> 9.7578947 | AD45: =SUM(M45:AB45) -> 95 | AE45: 0 | AF45: 6 | AH45: =Table3[[#This Row],[Flies_per_Vial]]*Table3[[#This Row],[Vials_Total_UsedInMaze]] -> 0 | AK45: =24*E45 -> 9.0833333
A46: 3 | B46: 1 | C46: morn | D46: 24-02-2025 | E46: 0.37847222 | H46: ABCD | I46: S | J46: 2 | K46: C | L46: F | M46: 0 | N46: 5 | O46: 5 | P46: 3 | Q46: 4 | R46: 7 | S46: 6 | T46: 9 | U46: 14 | V46: 7 | W46: 5 | X46: 5 | Y46: 1 | Z46: 1 | AA46: 4 | AB46: 4 | AC46: =SUMPRODUCT(OG_Data!D$1:S$1, M46:AB46) /SUM(M46:AB46) -> 8.4375 | AD46: =SUM(M46:AB46) -> 80 | AE46: 0 | AF46: 6 | AH46: =Table3[[#This Row],[Flies_per_Vial]]*Table3[[#This Row],[Vials_Total_UsedInMaze]] -> 0 | AK46: =24*E46 -> 9.0833333
A47: 3 | B47: 1 | C47: morn | D47: 24-02-2025 | E47: 0.37847222 | H47: ABCD | I47: S | J47: 2 | K47: D | L47: M | M47: 0 | N47: 5 | O47: 0 | P47: 4 | Q47: 4 | R47: 2 | S47: 1 | T47: 7 | U47: 5 | V47: 3 | W47: 6 | X47: 4 | Y47: 1 | Z47: 2 | AA47: 3 | AB47: 3 | AC47: =SUMPRODUCT(OG_Data!D$1:S$1, M47:AB47) /SUM(M47:AB47) -> 8.88 | AD47: =SUM(M47:AB47) -> 50 | AE47: 0 | AF47: 6 | AH47: =Table3[[#This Row],[Flies_per_Vial]]*Table3[[#This Row],[Vials_Total_UsedInMaze]] -> 0 | AK47: =24*E47 -> 9.0833333
A48: 3 | B48: 1 | C48: aft | D48: 24-02-2025 | E48: 0.48611111 | H48: ABCD | I48: S | J48: 1 | K48: A | L48: M | M48: 0 | N48: 0 | O48: 0 | P48: 0 | Q48: 1 | R48: 0 | S48: 2 | T48: 2 | U48: 5 | V48: 5 | W48: 23 | X48: 17 | Y48: 28 | Z48: 9 | AA48: 6 | AB48: 0 | AC48: =SUMPRODUCT(OG_Data!D$1:S$1, M48:AB48) /SUM(M48:AB48) -> 11.908163 | AD48: =SUM(M48:AB48) -> 98 | AE48: 0 | AF48: 6 | AH48: =Table3[[#This Row],[Flies_per_Vial]]*Table3[[#This Row],[Vials_Total_UsedInMaze]] -> 0 | AK48: =24*E48 -> 11.666667
A49: 3 | B49: 1 | C49: aft | D49: 24-02-2025 | E49: 0.48611111 | H49: ABCD | I49: S | J49: 1 | K49: B | L49: F | M49: 2 | N49: 1 | O49: 2 | P49: 6 | Q49: 10 | R49: 10 | S49: 12 | T49: 12 | U49: 7 | V49: 7 | W49: 3 | X49: 2 | Y49: 4 | Z49: 4 | AA49: 3 | AB49: 1 | AC49: =SUMPRODUCT(OG_Data!D$1:S$1, M49:AB49) /SUM(M49:AB49) -> 7.9418605 | AD49: =SUM(M49:AB49) -> 86 | AE49: 0 | AF49: 6 | AH49: =Table3[[#This Row],[Flies_per_Vial]]*Table3[[#This Row],[Vials_Total_UsedInMaze]] -> 0 | AK49: =24*E49 -> 11.666667
A50: 3 | B50: 1 | C50: aft | D50: 24-02-2025 | E50: 0.48611111 | H50: ABCD | I50: S | J50: 1 | K50: C | L50: F | M50: 18 | N50: 40 | O50: 17 | P50: 7 | Q50: 12 | R50: 8 | S50: 3 | T50: 2 | U50: 1 | V50: 0 | W50: 3 | X50: 1 | Y50: 1 | Z50: 0 | AA50: 0 | AB50: 1 | AC50: =SUMPRODUCT(OG_Data!D$1:S$1, M50:AB50) /SUM(M50:AB50) -> 3.5526316 | AD50: =SUM(M50:AB50) -> 114 | AE50: 0 | AF50: 6 | AH50: =Table3[[#This Row],[Flies_per_Vial]]*Table3[[#This Row],[Vials_Total_UsedInMaze]] -> 0 | AK50: =24*E50 -> 11.666667
A51: 3 | B51: 1 | C51: aft | D51: 24-02-2025 | E51: 0.48611111 | H51: ABCD | I51: S | J51: 1 | K51: D | L51: M | M51: 1 | N51: 8 | O51: 3 | P51: 3 | Q51: 6 | R51: 10 | S51: 4 | T51: 7 | U51: 15 | V51: 7 | W51: 14 | X51: 7 | Y51: 3 | Z51: 4 | AA51: 0 | AB51: 1 | AC51: =SUMPRODUCT(OG_Data!D$1:S$1, M51:AB51) /SUM(M51:AB51) -> 8.2365591 | AD51: =SUM(M51:AB51) -> 93 | AE51: 0 | AF51: 6 | AH51: =Table3[[#This Row],[Flies_per_Vial]]*Table3[[#This Row],[Vials_Total_UsedInMaze]] -> 0 | AK51: =24*E51 -> 11.666667
A52: 3 | B52: 2 | C52: morn | D52: 25-02-2025 | E52: 0.375 | H52: ABCD | I52: S | J52: 4 | K52: A | L52: M | M52: 0 | N52: 0 | O52: 0 | P52: 1 | Q52: 1 | R52: 0 | S52: 2 | T52: 2 | U52: 5 | V52: 2 | W52: 4 | X52: 4 | Y52: 6 | Z52: 3 | AA52: 17 | AB52: 13 | AC52: =SUMPRODUCT(OG_Data!D$1:S$1, M52:AB52) /SUM(M52:AB52) -> 12.983333 | AD52: =SUM(M52:AB52) -> 60 | AE52: 0 | AF52: 6 | AH52: =Table3[[#This Row],[Flies_per_Vial]]*Table3[[#This Row],[Vials_Total_UsedInMaze]] -> 0 | AK52: =24*E52 -> 9
A53: 3 | B53: 2 | C53: morn | D53: 25-02-2025 | E53: 0.375 | H53: ABCD | I53: S | J53: 4 | K53: B | L53: F | M53: 3 | N53: 3 | O53: 6 | P53: 1 | Q53: 3 | R53: 3 | S53: 13 | T53: 10 | U53: 4 | V53: 7 | W53: 8 | X53: 9 | Y53: 5 | Z53: 4 | AA53: 5 | AB53: 3 | AC53: =SUMPRODUCT(OG_Data!D$1:S$1, M53:AB53) /SUM(M53:AB53) -> 8.9770115 | AD53: =SUM(M53:AB53) -> 87 | AE53: 0 | AF53: 6 | AH53: =Table3[[#This Row],[Flies_per_Vial]]*Table3[[#This Row],[Vials_Total_UsedInMaze]] -> 0 | AK53: =24*E53 -> 9
A54: 3 | B54: 2 | C54: morn | D54: 25-02-2025 | E54: 0.375 | H54: ABCD | I54: S | J54: 4 | K54: C | L54: F | M54: 5 | N54: 8 | O54: 11 | P54: 4 | Q54: 6 | R54: 18 | S54: 1 | T54: 15 | U54: 13 | V54: 4 | W54: 17 | X54: 2 | Y54: 4 | Z54: 0 | AA54: 1 | AB54: 3 | AC54: =SUMPRODUCT(OG_Data!D$1:S$1, M54:AB54) /SUM(M54:AB54) -> 7.3035714 | AD54: =SUM(M54:AB54) -> 112 | AE54: 0 | AF54: 6 | AH54: =Table3[[#This Row],[Flies_per_Vial]]*Table3[[#This Row],[Vials_Total_UsedInMaze]] -> 0 | AK54: =24*E54 -> 9
A55: 3 | B55: 2 | C55: morn | D55: 25-02-2025 | E55: 0.375 | H55: ABCD | I55: S | J55: 4 | K55: D | L55: M | M55: 0 | N55: 3 | O55: 2 | P55: 3 | Q55: 5 | R55: 0 | S55: 3 | T55: 8 | U55: 4 | V55: 4 | W55: 0 | X55: 1 | Y55: 0 | Z55: 1 | AA55: 1 | AB55: 0 | AC55: =SUMPRODUCT(OG_Data!D$1:S$1, M55:AB55) /SUM(M55:AB55) -> 7.1714286 | AD55: =SUM(M55:AB55) -> 35 | AE55: 0 | AF55: 6 | AH55: =Table3[[#This Row],[Flies_per_Vial]]*Table3[[#This Row],[Vials_Total_UsedInMaze]] -> 0 | AK55: =24*E55 -> 9
... A59: 3 | B59: 2 | C59: aft | D59: 25-02-2025 | E59: 0.52291667 | H59: ABCD | I59: S | J59: 3 | K59: D | L59: M | M59: 7 | N59: 15 | O59: 4 | P59: 9 | Q59: 9 | R59: 5 | S59: 3 | T59: 12 | U59: 3 | V59: 5 | W59: 4 | X59: 3 | Y59: 1 | Z59: 2 | AA59: 0 | AB59: 0 | AC59: =SUMPRODUCT(OG_Data!D$1:S$1, M59:AB59) /SUM(M59:AB59) -> 5.7926829 | AD59: =SUM(M59:AB59) -> 82 | AE59: 0 | AF59: 6 | AH59: =Table3[[#This Row],[Flies_per_Vial]]*Table3[[#This Row],[Vials_Total_UsedInMaze]] -> 0 | AK59: =24*E59 -> 12.55
A60: 4 | B60: 1 | C60: morn | D60: 10-03-2025 | E60: 0.44444444 | H60: ABCD | I60: S | J60: 1 | K60: A | L60: F | M60: 0 | N60: 1 | O60: 0 | P60: 0 | Q60: 3 | R60: 2 | S60: 5 | T60: 14 | U60: 9 | V60: 5 | W60: 10 | X60: 2 | Y60: 0 | Z60: 5 | AA60: 3 | AB60: 1 | AC60: =SUMPRODUCT(OG_Data!D$1:S$1, M60:AB60) /SUM(M60:AB60) -> 9.5333333 | AD60: =SUM(M60:AB60) -> 60 | AE60: 0 | AF60: 6 | AG60: 20 | AH60: =Table3[[#This Row],[Flies_per_Vial]]*Table3[[#This Row],[Vials_Total_UsedInMaze]] -> 120 | AI60: =Table3[[#This Row],[total_Flies]]/Table3[[#This Row],[flies_in]] -> 0.5 | AK60: =24*E60 -> 10.666667
A61: 4 | B61: 1 | C61: morn | D61: 10-03-2025 | E61: 0.44444444 | H61: ABCD | I61: S | J61: 1 | K61: B | L61: M | M61: 2 | N61: 2 | O61: 0 | P61: 1 | Q61: 0 | R61: 1 | S61: 9 | T61: 6 | U61: 4 | V61: 5 | W61: 0 | X61: 5 | Y61: 5 | Z61: 5 | AA61: 9 | AB61: 11 | AC61: =SUMPRODUCT(OG_Data!D$1:S$1, M61:AB61) /SUM(M61:AB61) -> 11.061538 | AD61: =SUM(M61:AB61) -> 65 | AE61: 0 | AF61: 6 | AG61: 20 | AH61: =Table3[[#This Row],[Flies_per_Vial]]*Table3[[#This Row],[Vials_Total_UsedInMaze]] -> 120 | AI61: =Table3[[#This Row],[total_Flies]]/Table3[[#This Row],[flies_in]] -> 0.54166667 | AK61: =24*E61 -> 10.666667
A62: 4 | B62: 1 | C62: morn | D62: 10-03-2025 | E62: 0.44444444 | H62: ABCD | I62: S | J62: 1 | K62: C | L62: M | M62: 4 | N62: 6 | O62: 13 | P62: 4 | Q62: 5 | R62: 9 | S62: 4 | T62: 6 | U62: 14 | V62: 3 | W62: 7 | X62: 1 | Y62: 0 | Z62: 2 | AA62: 1 | AB62: 0 | AC62: =SUMPRODUCT(OG_Data!D$1:S$1, M62:AB62) /SUM(M62:AB62) -> 6.5063291 | AD62: =SUM(M62:AB62) -> 79 | AE62: 0 | AF62: 6 | AG62: 20 | AH62: =Table3[[#This Row],[Flies_per_Vial]]*Table3[[#This Row],[Vials_Total_UsedInMaze]] -> 120 | AI62: =Table3[[#This Row],[total_Flies]]/Table3[[#This Row],[flies_in]] -> 0.65833333 | AK62: =24*E62 -> 10.666667
A63: 4 | B63: 1 | C63: morn | D63: 10-03-2025 | E63: 0.44444444 | H63: ABCD | I63: S | J63: 1 | K63: D | L63: F | M63: 3 | N63: 6 | O63: 2 | P63: 12 | Q63: 4 | R63: 10 | S63: 1 | T63: 13 | U63: 10 | V63: 3 | W63: 2 | X63: 3 | Y63: 3 | Z63: 3 | AA63: 1 | AB63: 0 | AC63: =SUMPRODUCT(OG_Data!D$1:S$1, M63:AB63) /SUM(M63:AB63) -> 7.0263158 | AD63: =SUM(M63:AB63) -> 76 | AE63: 0 | AF63: 6 | AG63: 20 | AH63: =Table3[[#This Row],[Flies_per_Vial]]*Table3[[#This Row],[Vials_Total_UsedInMaze]] -> 120 | AI63: =Table3[[#This Row],[total_Flies]]/Table3[[#This Row],[flies_in]] -> 0.63333333 | AK63: =24*E63 -> 10.666667
A64: 4 | B64: 1 | C64: aft | D64: 10-03-2025 | E64: 0.59375 | H64: ABCD | I64: S | J64: 2 | K64: A | L64: F | M64: 1 | N64: 0 | O64: 0 | P64: 2 | Q64: 1 | R64: 1 | S64: 1 | T64: 5 | U64: 3 | V64: 5 | W64: 6 | X64: 8 | Y64: 9 | Z64: 11 | AA64: 12 | AB64: 13 | AC64: =SUMPRODUCT(OG_Data!D$1:S$1, M64:AB64) /SUM(M64:AB64) -> 12.371795 | AD64: =SUM(M64:AB64) -> 78 | AE64: 0 | AF64: 6 | AG64: 20 | AH64: =Table3[[#This Row],[Flies_per_Vial]]*Table3[[#This Row],[Vials_Total_UsedInMaze]] -> 120 | AI64: =Table3[[#This Row],[total_Flies]]/Table3[[#This Row],[flies_in]] -> 0.65 | AK64: =24*E64 -> 14.25
A65: 4 | B65: 1 | C65: aft | D65: 10-03-2025 | E65: 0.59375 | H65: ABCD | I65: S | J65: 2 | K65: B | L65: M | M65: 3 | N65: 5 | O65: 5 | P65: 1 | Q65: 3 | R65: 2 | S65: 4 | T65: 2 | U65: 10 | V65: 5 | W65: 3 | X65: 8 | Y65: 4 | Z65: 5 | AA65: 5 | AB65: 6 | AC65: =SUMPRODUCT(OG_Data!D$1:S$1, M65:AB65) /SUM(M65:AB65) -> 9.3661972 | AD65: =SUM(M65:AB65) -> 71 | AE65: 0 | AF65: 6 | AG65: 20 | AH65: =Table3[[#This Row],[Flies_per_Vial]]*Table3[[#This Row],[Vials_Total_UsedInMaze]] -> 120 | AI65: =Table3[[#This Row],[total_Flies]]/Table3[[#This Row],[flies_in]] -> 0.59166667 | AK65: =24*E65 -> 14.25
A66: 4 | B66: 1 | C66: aft | D66: 10-03-2025 | E66: 0.59375 | H66: ABCD | I66: S | J66: 2 | K66: C | L66: M | M66: 29 | N66: 21 | O66: 9 | P66: 9 | Q66: 9 | R66: 4 | S66: 2 | T66: 4 | U66: 3 | V66: 2 | W66: 0 | X66: 2 | Y66: 0 | Z66: 0 | AA66: 1 | AB66: 0 | AC66: =SUMPRODUCT(OG_Data!D$1:S$1, M66:AB66) /SUM(M66:AB66) -> 3.5263158 | AD66: =SUM(M66:AB66) -> 95 | AE66: 0 | AF66: 6 | AG66: 20 | AH66: =Table3[[#This Row],[Flies_per_Vial]]*Table3[[#This Row],[Vials_Total_UsedInMaze]] -> 120 | AI66: =Table3[[#This Row],[total_Flies]]/Table3[[#This Row],[flies_in]] -> 0.79166667 | AK66: =24*E66 -> 14.25
A67: 4 | B67: 1 | C67: aft | D67: 10-03-2025 | E67: 0.59375 | H67: ABCD | I67: S | J67: 2 | K67: D | L67: F | M67: 3 | N67: 3 | O67: 9 | P67: 6 | Q67: 4 | R67: 17 | S67: 2 | T67: 8 | U67: 15 | V67: 13 | W67: 9 | X67: 5 | Y67: 10 | Z67: 3 | AA67: 0 | AB67: 0 | AC67: =SUMPRODUCT(OG_Data!D$1:S$1, M67:AB67) /SUM(M67:AB67) -> 8 | AD67: =SUM(M67:AB67) -> 107 | AE67: 0 | AF67: 6 | AG67: 20 | AH67: =Table3[[#This Row],[Flies_per_Vial]]*Table3[[#This Row],[Vials_Total_UsedInMaze]] -> 120 | AI67: =Table3[[#This Row],[total_Flies]]/Table3[[#This Row],[flies_in]] -> 0.89166667 | AK67: =24*E67 -> 14.25
A68: 4 | B68: 2 | C68: morn | D68: 11-03-2025 | E68: 0.41458333 | H68: ABCD | I68: S | J68: 3 | K68: A | L68: F | M68: 0 | N68: 1 | O68: 0 | P68: 0 | Q68: 2 | R68: 6 | S68: 7 | T68: 22 | U68: 4 | V68: 10 | W68: 2 | X68: 10 | Y68: 3 | Z68: 11 | AA68: 3 | AB68: 5 | AC68: =SUMPRODUCT(OG_Data!D$1:S$1, M68:AB68) /SUM(M68:AB68) -> 10.104651 | AD68: =SUM(M68:AB68) -> 86 | AE68: 0 | AF68: 6 | AG68: 20 | AH68: =Table3[[#This Row],[Flies_per_Vial]]*Table3[[#This Row],[Vials_Total_UsedInMaze]] -> 120 | AI68: =Table3[[#This Row],[total_Flies]]/Table3[[#This Row],[flies_in]] -> 0.71666667 | AK68: =24*E68 -> 9.95
A69: 4 | B69: 2 | C69: morn | D69: 11-03-2025 | E69: 0.41458333 | H69: ABCD | I69: S | J69: 3 | K69: B | L69: M | M69: 3 | N69: 5 | O69: 4 | P69: 1 | Q69: 5 | R69: 4 | S69: 8 | T69: 10 | U69: 13 | V69: 3 | W69: 7 | X69: 7 | Y69: 4 | Z69: 3 | AA69: 9 | AB69: 15 | AC69: =SUMPRODUCT(OG_Data!D$1:S$1, M69:AB69) /SUM(M69:AB69) -> 9.8118812 | AD69: =SUM(M69:AB69) -> 101 | AE69: 0 | AF69: 6 | AG69: 20 | AH69: =Table3[[#This Row],[Flies_per_Vial]]*Table3[[#This Row],[Vials_Total_UsedInMaze]] -> 120 | AI69: =Table3[[#This Row],[total_Flies]]/Table3[[#This Row],[flies_in]] -> 0.84166667 | AK69: =24*E69 -> 9.95
A70: 4 | B70: 2 | C70: morn | D70: 11-03-2025 | E70: 0.41458333 | H70: ABCD | I70: S | J70: 3 | K70: C | L70: M | M70: 4 | N70: 14 | O70: 15 | P70: 4 | Q70: 5 | R70: 6 | S70: 5 | T70: 2 | U70: 14 | V70: 4 | W70: 3 | X70: 2 | Y70: 3 | Z70: 1 | AA70: 1 | AB70: 3 | AC70: =SUMPRODUCT(OG_Data!D$1:S$1, M70:AB70) /SUM(M70:AB70) -> 6.3255814 | AD70: =SUM(M70:AB70) -> 86 | AE70: 0 | AF70: 6 | AG70: 20 | AH70: =Table3[[#This Row],[Flies_per_Vial]]*Table3[[#This Row],[Vials_Total_UsedInMaze]] -> 120 | AI70: =Table3[[#This Row],[total_Flies]]/Table3[[#This Row],[flies_in]] -> 0.71666667 | AK70: =24*E70 -> 9.95
A71: 4 | B71: 2 | C71: morn | D71: 11-03-2025 | E71: 0.41458333 | H71: ABCD | I71: S | J71: 3 | K71: D | L71: F | M71: 4 | N71: 7 | O71: 8 | P71: 8 | Q71: 8 | R71: 9 | S71: 4 | T71: 14 | U71: 9 | V71: 7 | W71: 2 | X71: 6 | Y71: 1 | Z71: 0 | AA71: 1 | AB71: 0 | AC71: =SUMPRODUCT(OG_Data!D$1:S$1, M71:AB71) /SUM(M71:AB71) -> 6.6022727 | AD71: =SUM(M71:AB71) -> 88 | AE71: 0 | AF71: 6 | AG71: 20 | AH71: =Table3[[#This Row],[Flies_per_Vial]]*Table3[[#This Row],[Vials_Total_UsedInMaze]] -> 120 | AI71: =Table3[[#This Row],[total_Flies]]/Table3[[#This Row],[flies_in]] -> 0.73333333 | AK71: =24*E71 -> 9.95
... A75: 4 | B75: 2 | C75: aft | D75: 11-03-2025 | E75: 0.53472222 | H75: ABCD | I75: S | J75: 4 | K75: D | L75: F | M75: 10 | N75: 2 | O75: 3 | P75: 2 | Q75: 9 | R75: 11 | S75: 6 | T75: 11 | U75: 8 | V75: 6 | W75: 0 | X75: 2 | Y75: 0 | Z75: 0 | AA75: 0 | AB75: 0 | AC75: =SUMPRODUCT(OG_Data!D$1:S$1, M75:AB75) /SUM(M75:AB75) -> 6.1142857 | AD75: =SUM(M75:AB75) -> 70 | AE75: 0 | AF75: 6 | AG75: 20 | AH75: =Table3[[#This Row],[Flies_per_Vial]]*Table3[[#This Row],[Vials_Total_UsedInMaze]] -> 120 | AI75: =Table3[[#This Row],[total_Flies]]/Table3[[#This Row],[flies_in]] -> 0.58333333 | AK75: =24*E75 -> 12.833333
A76: 5 | B76: 1 | C76: morn | D76: 24-03-2025 | E76: 0.375 | F76: 0.46597222 | G76: 0.090972222 | H76: ABCD | I76: S | J76: 2 | K76: A | L76: M | M76: 0 | N76: 0 | O76: 0 | P76: 1 | Q76: 3 | R76: 1 | S76: 5 | T76: 6 | U76: 4 | V76: 3 | W76: 13 | X76: 10 | Y76: 4 | Z76: 8 | AA76: 17 | AB76: 4 | AC76: =SUMPRODUCT(OG_Data!D$1:S$1, M76:AB76) /SUM(M76:AB76) -> 11.64557 | AD76: =SUM(M76:AB76) -> 79 | AE76: 0 | AF76: 6 | AG76: 20 | AH76: =Table3[[#This Row],[Flies_per_Vial]]*Table3[[#This Row],[Vials_Total_UsedInMaze]] -> 120 | AI76: =Table3[[#This Row],[total_Flies]]/Table3[[#This Row],[flies_in]] -> 0.65833333 | AK76: =24*E76 -> 9 | AL76: =24*F76 -> 11.183333 | AM76: =Table3[[#This Row],[end_time_num]]-Table3[[#This Row],[start_time_num]] -> 2.1833333
A77: 5 | B77: 1 | C77: morn | D77: 24-03-2025 | E77: 0.375 | F77: 0.46597222 | G77: 0.090972222 | H77: ABCD | I77: S | J77: 2 | K77: B | L77: M | M77: 1 | N77: 3 | O77: 0 | P77: 0 | Q77: 4 | R77: 0 | S77: 14 | T77: 10 | U77: 4 | V77: 3 | W77: 6 | X77: 7 | Y77: 3 | Z77: 4 | AA77: 5 | AB77: 9 | AC77: =SUMPRODUCT(OG_Data!D$1:S$1, M77:AB77) /SUM(M77:AB77) -> 10.068493 | AD77: =SUM(M77:AB77) -> 73 | AE77: 0 | AF77: 6 | AG77: 20 | AH77: =Table3[[#This Row],[Flies_per_Vial]]*Table3[[#This Row],[Vials_Total_UsedInMaze]] -> 120 | AI77: =Table3[[#This Row],[total_Flies]]/Table3[[#This Row],[flies_in]] -> 0.60833333 | AK77: =24*E77 -> 9 | AL77: =24*F77 -> 11.183333 | AM77: =Table3[[#This Row],[end_time_num]]-Table3[[#This Row],[start_time_num]] -> 2.1833333
A78: 5 | B78: 1 | C78: morn | D78: 24-03-2025 | E78: 0.375 | F78: 0.46597222 | G78: 0.090972222 | H78: ABCD | I78: S | J78: 2 | K78: C | L78: F | M78: 2 | N78: 7 | O78: 10 | P78: 6 | Q78: 7 | R78: 10 | S78: 1 | T78: 15 | U78: 12 | V78: 0 | W78: 6 | X78: 5 | Y78: 1 | Z78: 2 | AA78: 0 | AB78: 0 | AC78: =SUMPRODUCT(OG_Data!D$1:S$1, M78:AB78) /SUM(M78:AB78) -> 6.75 | AD78: =SUM(M78:AB78) -> 84 | AE78: 1 | AF78: 6 | AG78: 20 | AH78: =Table3[[#This Row],[Flies_per_Vial]]*Table3[[#This Row],[Vials_Total_UsedInMaze]] -> 120 | AI78: =Table3[[#This Row],[total_Flies]]/Table3[[#This Row],[flies_in]] -> 0.7 | AK78: =24*E78 -> 9 | AL78: =24*F78 -> 11.183333 | AM78: =Table3[[#This Row],[end_time_num]]-Table3[[#This Row],[start_time_num]] -> 2.1833333
A79: 5 | B79: 1 | C79: morn | D79: 24-03-2025 | E79: 0.375 | F79: 0.46597222 | G79: 0.090972222 | H79: ABCD | I79: S | J79: 2 | K79: D | L79: F | M79: 0 | N79: 6 | O79: 1 | P79: 4 | Q79: 8 | R79: 1 | S79: 5 | T79: 14 | U79: 7 | V79: 19 | W79: 0 | X79: 1 | Y79: 1 | Z79: 2 | AA79: 2 | AB79: 0 | AC79: =SUMPRODUCT(OG_Data!D$1:S$1, M79:AB79) /SUM(M79:AB79) -> 7.8873239 | AD79: =SUM(M79:AB79) -> 71 | AE79: 0 | AF79: 6 | AG79: 20 | AH79: =Table3[[#This Row],[Flies_per_Vial]]*Table3[[#This Row],[Vials_Total_UsedInMaze]] -> 120 | AI79: =Table3[[#This Row],[total_Flies]]/Table3[[#This Row],[flies_in]] -> 0.59166667 | AK79: =24*E79 -> 9 | AL79: =24*F79 -> 11.183333 | AM79: =Table3[[#This Row],[end_time_num]]-Table3[[#This Row],[start_time_num]] -> 2.1833333
A80: 5 | B80: 1 | C80: aft | D80: 24-03-2025 | E80: 0.51041667 | F80: 0.58333333 | G80: 0.072916667 | H80: ABCD | I80: S | J80: 1 | K80: A | L80: M | M80: 0 | N80: 1 | O80: 0 | P80: 2 | Q80: 4 | R80: 9 | S80: 10 | T80: 7 | U80: 4 | V80: 8 | W80: 11 | X80: 5 | Y80: 4 | Z80: 1 | AA80: 3 | AB80: 1 | AC80: =SUMPRODUCT(OG_Data!D$1:S$1, M80:AB80) /SUM(M80:AB80) -> 9.0571429 | AD80: =SUM(M80:AB80) -> 70 | AE80: 0 | AF80: 6 | AG80: 20 | AH80: =Table3[[#This Row],[Flies_per_Vial]]*Table3[[#This Row],[Vials_Total_UsedInMaze]] -> 120 | AI80: =Table3[[#This Row],[total_Flies]]/Table3[[#This Row],[flies_in]] -> 0.58333333 | AK80: =24*E80 -> 12.25 | AL80: =24*F80 -> 14 | AM80: =Table3[[#This Row],[end_time_num]]-Table3[[#This Row],[start_time_num]] -> 1.75
A81: 5 | B81: 1 | C81: aft | D81: 24-03-2025 | E81: 0.51041667 | F81: 0.59027778 | G81: 0.079861111 | H81: ABCD | I81: S | J81: 1 | K81: B | L81: F | M81: 1 | N81: 1 | O81: 5 | P81: 0 | Q81: 6 | R81: 8 | S81: 17 | T81: 14 | U81: 2 | V81: 3 | W81: 4 | X81: 2 | Y81: 3 | Z81: 1 | AA81: 3 | AB81: 4 | AC81: =SUMPRODUCT(OG_Data!D$1:S$1, M81:AB81) /SUM(M81:AB81) -> 8.1756757 | AD81: =SUM(M81:AB81) -> 74 | AE81: 1 | AF81: 6 | AG81: 20 | AH81: =Table3[[#This Row],[Flies_per_Vial]]*Table3[[#This Row],[Vials_Total_UsedInMaze]] -> 120 | AI81: =Table3[[#This Row],[total_Flies]]/Table3[[#This Row],[flies_in]] -> 0.61666667 | AK81: =24*E81 -> 12.25 | AL81: =24*F81 -> 14.166667 | AM81: =Table3[[#This Row],[end_time_num]]-Table3[[#This Row],[start_time_num]] -> 1.9166667
A82: 5 | B82: 1 | C82: aft | D82: 24-03-2025 | E82: 0.51041667 | F82: 0.59652778 | G82: 0.086111111 | H82: ABCD | I82: S | J82: 1 | K82: C | L82: F | M82: 15 | N82: 26 | O82: 24 | P82: 13 | Q82: 14 | R82: 9 | S82: 4 | T82: 3 | U82: 0 | V82: 3 | W82: 1 | X82: 0 | Y82: 1 | Z82: 1 | AA82: 1 | AB82: 0 | AC82: =SUMPRODUCT(OG_Data!D$1:S$1, M82:AB82) /SUM(M82:AB82) -> 3.9130435 | AD82: =SUM(M82:AB82) -> 115 | AE82: 1 | AF82: 6 | AG82: 20 | AH82: =Table3[[#This Row],[Flies_per_Vial]]*Table3[[#This Row],[Vials_Total_UsedInMaze]] -> 120 | AI82: =Table3[[#This Row],[total_Flies]]/Table3[[#This Row],[flies_in]] -> 0.95833333 | AK82: =24*E82 -> 12.25 | AL82: =24*F82 -> 14.316667 | AM82: =Table3[[#This Row],[end_time_num]]-Table3[[#This Row],[start_time_num]] -> 2.0666667
A83: 5 | B83: 1 | C83: aft | D83: 24-03-2025 | E83: 0.51041667 | F83: 0.60694444 | G83: 0.096527778 | H83: ABCD | I83: S | J83: 1 | K83: D | L83: M | M83: 2 | N83: 8 | O83: 8 | P83: 7 | Q83: 8 | R83: 6 | S83: 10 | T83: 10 | U83: 16 | V83: 15 | W83: 6 | X83: 4 | Y83: 1 | Z83: 3 | AA83: 2 | AB83: 0 | AC83: =SUMPRODUCT(OG_Data!D$1:S$1, M83:AB83) /SUM(M83:AB83) -> 7.4433962 | AD83: =SUM(M83:AB83) -> 106 | AE83: 0 | AF83: 6 | AG83: 20 | AH83: =Table3[[#This Row],[Flies_per_Vial]]*Table3[[#This Row],[Vials_Total_UsedInMaze]] -> 120 | AI83: =Table3[[#This Row],[total_Flies]]/Table3[[#This Row],[flies_in]] -> 0.88333333 | AK83: =24*E83 -> 12.25 | AL83: =24*F83 -> 14.566667 | AM83: =Table3[[#This Row],[end_time_num]]-Table3[[#This Row],[start_time_num]] -> 2.3166667
A84: 5 | B84: 2 | C84: morn | D84: 25-03-2025 | E84: 0.38888889 | F84: 0.46041667 | G84: 0.071527778 | H84: ABCD | I84: S | J84: 4 | K84: A | L84: M | M84: 0 | N84: 0 | O84: 4 | P84: 2 | Q84: 2 | R84: 3 | S84: 3 | T84: 9 | U84: 6 | V84: 7 | W84: 12 | X84: 5 | Y84: 4 | Z84: 1 | AA84: 10 | AB84: 4 | AC84: =SUMPRODUCT(OG_Data!D$1:S$1, M84:AB84) /SUM(M84:AB84) -> 10.236111 | AD84: =SUM(M84:AB84) -> 72 | AE84: 0 | AF84: 6 | AG84: 20 | AH84: =Table3[[#This Row],[Flies_per_Vial]]*Table3[[#This Row],[Vials_Total_UsedInMaze]] -> 120 | AI84: =Table3[[#This Row],[total_Flies]]/Table3[[#This Row],[flies_in]] -> 0.6 | AK84: =24*E84 -> 9.3333333 | AL84: =24*F84 -> 11.05 | AM84: =Table3[[#This Row],[end_time_num]]-Table3[[#This Row],[start_time_num]] -> 1.7166667
A85: 5 | B85: 2 | C85: morn | D85: 25-03-2025 | E85: 0.38888889 | F85: 0.46597222 | G85: 0.077083333 | H85: ABCD | I85: S | J85: 4 | K85: B | L85: F | M85: 3 | N85: 13 | O85: 3 | P85: 3 | Q85: 6 | R85: 1 | S85: 10 | T85: 15 | U85: 6 | V85: 3 | W85: 8 | X85: 7 | Y85: 3 | Z85: 5 | AA85: 6 | AB85: 2 | AC85: =SUMPRODUCT(OG_Data!D$1:S$1, M85:AB85) /SUM(M85:AB85) -> 8.1170213 | AD85: =SUM(M85:AB85) -> 94 | AE85: 1 | AF85: 6 | AG85: 20 | AH85: =Table3[[#This Row],[Flies_per_Vial]]*Table3[[#This Row],[Vials_Total_UsedInMaze]] -> 120 | AI85: =Table3[[#This Row],[total_Flies]]/Table3[[#This Row],[flies_in]] -> 0.78333333 | AK85: =24*E85 -> 9.3333333 | AL85: =24*F85 -> 11.183333 | AM85: =Table3[[#This Row],[end_time_num]]-Table3[[#This Row],[start_time_num]] -> 1.85
A86: 5 | B86: 2 | C86: morn | D86: 25-03-2025 | E86: 0.38888889 | F86: 0.46944444 | G86: 0.080555556 | H86: ABCD | I86: S | J86: 4 | K86: C | L86: F | M86: 4 | N86: 10 | O86: 12 | P86: 4 | Q86: 5 | R86: 7 | S86: 6 | T86: 12 | U86: 2 | V86: 5 | W86: 10 | X86: 5 | Y86: 2 | Z86: 0 | AA86: 2 | AB86: 0 | AC86: =SUMPRODUCT(OG_Data!D$1:S$1, M86:AB86) /SUM(M86:AB86) -> 6.6860465 | AD86: =SUM(M86:AB86) -> 86 | AE86: 0 | AF86: 6 | AG86: 20 | AH86: =Table3[[#This Row],[Flies_per_Vial]]*Table3[[#This Row],[Vials_Total_UsedInMaze]] -> 120 | AI86: =Table3[[#This Row],[total_Flies]]/Table3[[#This Row],[flies_in]] -> 0.71666667 | AK86: =24*E86 -> 9.3333333 | AL86: =24*F86 -> 11.266667 | AM86: =Table3[[#This Row],[end_time_num]]-Table3[[#This Row],[start_time_num]] -> 1.9333333
A87: 5 | B87: 2 | C87: morn | D87: 25-03-2025 | E87: 0.38888889 | F87: 0.47361111 | G87: 0.084722222 | H87: ABCD | I87: S | J87: 4 | K87: D | L87: M | M87: 3 | N87: 6 | O87: 7 | P87: 7 | Q87: 6 | R87: 3 | S87: 4 | T87: 6 | U87: 6 | V87: 4 | W87: 0 | X87: 1 | Y87: 0 | Z87: 2 | AA87: 0 | AB87: 1 | AC87: =SUMPRODUCT(OG_Data!D$1:S$1, M87:AB87) /SUM(M87:AB87) -> 6.0357143 | AD87: =SUM(M87:AB87) -> 56 | AE87: 0 | AF87: 6 | AG87: 20 | AH87: =Table3[[#This Row],[Flies_per_Vial]]*Table3[[#This Row],[Vials_Total_UsedInMaze]] -> 120 | AI87: =Table3[[#This Row],[total_Flies]]/Table3[[#This Row],[flies_in]] -> 0.46666667 | AK87: =24*E87 -> 9.3333333 | AL87: =24*F87 -> 11.366667 | AM87: =Table3[[#This Row],[end_time_num]]-Table3[[#This Row],[start_time_num]] -> 2.0333333
... A142: 8 | B142: 2 | C142: morn | D142: 06-05-2025 | E142: 0.38680556 | F142: 0.48680556 | G142: 0.1 | H142: ABCD | I142: S | J142: 3 | K142: C | L142: M | M142: 1 | N142: 2 | O142: 9 | P142: 0 | Q142: 5 | R142: 9 | S142: 1 | T142: 7 | U142: 1 | V142: 11 | W142: 8 | X142: 5 | Y142: 1 | Z142: 0 | AA142: 0 | AB142: 0 | AC142: =SUMPRODUCT(OG_Data!D$1:S$1, M142:AB142) /SUM(M142:AB142) -> 7.5666667 | AD142: =SUM(M142:AB142) -> 60 | AE142: 0 | AF142: 6 | AG142: 25 | AH142: =Table3[[#This Row],[Flies_per_Vial]]*Table3[[#This Row],[Vials_Total_UsedInMaze]] -> 150 | AI142: =Table3[[#This Row],[total_Flies]]/Table3[[#This Row],[flies_in]] -> 0.4 | AK142: =24*E142 -> 9.2833333 | AL142: =24*F142 -> 11.683333 | AM142: =Table3[[#This Row],[end_time_num]]-Table3[[#This Row],[start_time_num]] -> 2.4
A143: 8 | B143: 2 | C143: morn | D143: 06-05-2025 | E143: 0.38680556 | F143: 0.50138889 | G143: 0.11458333 | H143: ABCD | I143: S | J143: 3 | K143: D | L143: F | M143: 9 | N143: 12 | P143: 6 | Q143: 17 | R143: 13 | S143: 4 | T143: 7 | U143: 9 | V143: 0 | W143: 7 | X143: 7 | Y143: 10 | Z143: 0 | AA143: 1 | AB143: 0 | AC143: =SUMPRODUCT(OG_Data!D$1:S$1, M143:AB143) /SUM(M143:AB143) -> 6.7745098 | AD143: =SUM(M143:AB143) -> 102 | AE143: 0 | AF143: 6 | AG143: 25 | AH143: =Table3[[#This Row],[Flies_per_Vial]]*Table3[[#This Row],[Vials_Total_UsedInMaze]] -> 150 | AI143: =Table3[[#This Row],[total_Flies]]/Table3[[#This Row],[flies_in]] -> 0.68 | AK143: =24*E143 -> 9.2833333 | AL143: =24*F143 -> 12.033333 | AM143: =Table3[[#This Row],[end_time_num]]-Table3[[#This Row],[start_time_num]] -> 2.75
A144: 8 | B144: 2 | C144: aft | D144: 06-05-2025 | E144: 0.53819444 | F144: 0.73541667 | G144: 0.19722222 | H144: ABCD | I144: S | J144: 4 | K144: A | L144: F | M144: 0 | N144: 0 | O144: 3 | P144: 10 | Q144: 10 | R144: 6 | S144: 6 | T144: 13 | U144: 3 | V144: 2 | W144: 9 | X144: 7 | Y144: 5 | Z144: 4 | AA144: 11 | AB144: 2 | AC144: =SUMPRODUCT(OG_Data!D$1:S$1, M144:AB144) /SUM(M144:AB144) -> 9.1098901 | AD144: =SUM(M144:AB144) -> 91 | AE144: 0 | AF144: 6 | AG144: 25 | AH144: =Table3[[#This Row],[Flies_per_Vial]]*Table3[[#This Row],[Vials_Total_UsedInMaze]] -> 150 | AI144: =Table3[[#This Row],[total_Flies]]/Table3[[#This Row],[flies_in]] -> 0.60666667 | AK144: =24*E144 -> 12.916667 | AL144: =24*F144 -> 17.65 | AM144: =Table3[[#This Row],[end_time_num]]-Table3[[#This Row],[start_time_num]] -> 4.7333333
A145: 8 | B145: 2 | C145: aft | D145: 06-05-2025 | E145: 0.53819444 | F145: 0.74375 | G145: 0.20555556 | H145: ABCD | I145: S | J145: 4 | K145: B | L145: M | M145: 22 | N145: 15 | O145: 4 | P145: 3 | Q145: 8 | R145: 14 | S145: 3 | T145: 3 | U145: 4 | V145: 4 | W145: 1 | X145: 0 | Y145: 1 | Z145: 0 | AA145: 2 | AB145: 0 | AC145: =SUMPRODUCT(OG_Data!D$1:S$1, M145:AB145) /SUM(M145:AB145) -> 4.4642857 | AD145: =SUM(M145:AB145) -> 84 | AE145: 0 | AF145: 6 | AG145: 25 | AH145: =Table3[[#This Row],[Flies_per_Vial]]*Table3[[#This Row],[Vials_Total_UsedInMaze]] -> 150 | AI145: =Table3[[#This Row],[total_Flies]]/Table3[[#This Row],[flies_in]] -> 0.56 | AK145: =24*E145 -> 12.916667 | AL145: =24*F145 -> 17.85 | AM145: =Table3[[#This Row],[end_time_num]]-Table3[[#This Row],[start_time_num]] -> 4.9333333
A146: 8 | B146: 2 | C146: aft | D146: 06-05-2025 | E146: 0.53819444 | F146: 0.74861111 | G146: 0.21041667 | H146: ABCD | I146: S | J146: 4 | K146: C | L146: M | M146: 3 | N146: 4 | O146: 16 | P146: 6 | Q146: 11 | R146: 10 | S146: 5 | T146: 3 | U146: 5 | V146: 1 | W146: 1 | X146: 0 | Y146: 2 | Z146: 0 | AA146: 0 | AB146: 1 | AC146: =SUMPRODUCT(OG_Data!D$1:S$1, M146:AB146) /SUM(M146:AB146) -> 5.3676471 | AD146: =SUM(M146:AB146) -> 68 | AE146: 0 | AF146: 6 | AG146: 25 | AH146: =Table3[[#This Row],[Flies_per_Vial]]*Table3[[#This Row],[Vials_Total_UsedInMaze]] -> 150 | AI146: =Table3[[#This Row],[total_Flies]]/Table3[[#This Row],[flies_in]] -> 0.45333333 | AK146: =24*E146 -> 12.916667 | AL146: =24*F146 -> 17.966667 | AM146: =Table3[[#This Row],[end_time_num]]-Table3[[#This Row],[start_time_num]] -> 5.05
A147: 8 | B147: 2 | C147: aft | D147: 06-05-2025 | E147: 0.53819444 | F147: 0.75763889 | G147: 0.21944444 | H147: ABCD | I147: S | J147: 4 | K147: D | L147: F | M147: 13 | N147: 21 | O147: 13 | P147: 8 | Q147: 14 | R147: 11 | S147: 17 | T147: 6 | U147: 8 | V147: 2 | W147: 1 | X147: 1 | Y147: 1 | Z147: 0 | AA147: 0 | AB147: 0 | AC147: =SUMPRODUCT(OG_Data!D$1:S$1, M147:AB147) /SUM(M147:AB147) -> 4.8017241 | AD147: =SUM(M147:AB147) -> 116 | AE147: 0 | AF147: 6 | AG147: 25 | AH147: =Table3[[#This Row],[Flies_per_Vial]]*Table3[[#This Row],[Vials_Total_UsedInMaze]] -> 150 | AI147: =Table3[[#This Row],[total_Flies]]/Table3[[#This Row],[flies_in]] -> 0.77333333 | AK147: =24*E147 -> 12.916667 | AL147: =24*F147 -> 18.183333 | AM147: =Table3[[#This Row],[end_time_num]]-Table3[[#This Row],[start_time_num]] -> 5.2666667
A148: 9 | B148: 1 | C148: morn | D148: 19-05-2025 | E148: 0.40347222 | F148: 0.47361111 | G148: 0.070138889 | H148: ABCD | I148: S | J148: 2 | K148: A | L148: M | M148: 1 | N148: 1 | O148: 3 | P148: 0 | Q148: 5 | R148: 2 | S148: 6 | T148: 5 | U148: 8 | V148: 12 | W148: 6 | X148: 4 | Y148: 3 | Z148: 0 | AA148: 18 | AB148: 11 | AC148: =SUMPRODUCT(OG_Data!D$1:S$1, M148:AB148) /SUM(M148:AB148) -> 10.847059 | AD148: =SUM(M148:AB148) -> 85 | AE148: 0 | AF148: 6 | AG148: 25 | AH148: =Table3[[#This Row],[Flies_per_Vial]]*Table3[[#This Row],[Vials_Total_UsedInMaze]] -> 150 | AI148: =Table3[[#This Row],[total_Flies]]/Table3[[#This Row],[flies_in]] -> 0.56666667 | AK148: =24*E148 -> 9.6833333 | AL148: =24*F148 -> 11.366667 | AM148: =Table3[[#This Row],[end_time_num]]-Table3[[#This Row],[start_time_num]] -> 1.6833333
A149: 9 | B149: 1 | C149: morn | D149: 19-05-2025 | E149: 0.40347222 | F149: 0.48055556 | G149: 0.077083333 | H149: ABCD | I149: S | J149: 2 | K149: B | L149: F | M149: 4 | N149: 6 | O149: 7 | P149: 4 | Q149: 5 | R149: 9 | S149: 18 | T149: 9 | U149: 13 | V149: 10 | W149: 4 | X149: 3 | Y149: 3 | Z149: 1 | AA149: 1 | AB149: 2 | AC149: =SUMPRODUCT(OG_Data!D$1:S$1, M149:AB149) /SUM(M149:AB149) -> 7.3434343 | AD149: =SUM(M149:AB149) -> 99 | AE149: 1 | AF149: 6 | AG149: 25 | AH149: =Table3[[#This Row],[Flies_per_Vial]]*Table3[[#This Row],[Vials_Total_UsedInMaze]] -> 150 | AI149: =Table3[[#This Row],[total_Flies]]/Table3[[#This Row],[flies_in]] -> 0.66 | AK149: =24*E149 -> 9.6833333 | AL149: =24*F149 -> 11.533333 | AM149: =Table3[[#This Row],[end_time_num]]-Table3[[#This Row],[start_time_num]] -> 1.85
A150: 9 | B150: 1 | C150: morn | D150: 19-05-2025 | E150: 0.40347222 | F150: 0.48680556 | G150: 0.083333333 | H150: ABCD | I150: S | J150: 2 | K150: C | L150: F | M150: 0 | N150: 0 | O150: 0 | P150: 2 | Q150: 0 | R150: 17 | S150: 6 | T150: 6 | U150: 10 | V150: 4 | W150: 3 | X150: 2 | Y150: 0 | Z150: 1 | AA150: 0 | AB150: 0 | AC150: =SUMPRODUCT(OG_Data!D$1:S$1, M150:AB150) /SUM(M150:AB150) -> 7.8627451 | AD150: =SUM(M150:AB150) -> 51 | AE150: 2 | AF150: 6 | AG150: 25 | AH150: =Table3[[#This Row],[Flies_per_Vial]]*Table3[[#This Row],[Vials_Total_UsedInMaze]] -> 150 | AI150: =Table3[[#This Row],[total_Flies]]/Table3[[#This Row],[flies_in]] -> 0.34 | AK150: =24*E150 -> 9.6833333 | AL150: =24*F150 -> 11.683333 | AM150: =Table3[[#This Row],[end_time_num]]-Table3[[#This Row],[start_time_num]] -> 2
A151: 9 | B151: 1 | C151: morn | D151: 19-05-2025 | E151: 0.40347222 | F151: 0.49236111 | G151: 0.088888889 | H151: ABCD | I151: S | J151: 2 | K151: D | L151: M | M151: 3 | N151: 2 | O151: 3 | P151: 2 | Q151: 1 | R151: 2 | S151: 4 | T151: 7 | U151: 2 | V151: 0 | W151: 3 | X151: 1 | Y151: 2 | Z151: 1 | AA151: 1 | AB151: 0 | AC151: =SUMPRODUCT(OG_Data!D$1:S$1, M151:AB151) /SUM(M151:AB151) -> 7.1470588 | AD151: =SUM(M151:AB151) -> 34 | AE151: 0 | AF151: 6 | AG151: 25 | AH151: =Table3[[#This Row],[Flies_per_Vial]]*Table3[[#This Row],[Vials_Total_UsedInMaze]] -> 150 | AI151: =Table3[[#This Row],[total_Flies]]/Table3[[#This Row],[flies_in]] -> 0.22666667 | AK151: =24*E151 -> 9.6833333 | AL151: =24*F151 -> 11.816667 | AM151: =Table3[[#This Row],[end_time_num]]-Table3[[#This Row],[start_time_num]] -> 2.1333333
A152: 9 | B152: 1 | C152: aft | D152: 19-05-2025 | E152: 0.50416667 | F152: 0.67013889 | G152: 0.16597222 | H152: ABCD | I152: S | J152: 1 | K152: A | L152: M | M152: 0 | N152: 1 | O152: 0 | P152: 0 | Q152: 1 | R152: 2 | S152: 3 | T152: 2 | U152: 4 | V152: 23 | W152: 9 | X152: 7 | Y152: 8 | Z152: 4 | AA152: 33 | AB152: 25 | AC152: =SUMPRODUCT(OG_Data!D$1:S$1, M152:AB152) /SUM(M152:AB152) -> 12.786885 | AD152: =SUM(M152:AB152) -> 122 | AE152: 0 | AF152: 6 | AG152: 25 | AH152: =Table3[[#This Row],[Flies_per_Vial]]*Table3[[#This Row],[Vials_Total_UsedInMaze]] -> 150 | AI152: =Table3[[#This Row],[total_Flies]]/Table3[[#This Row],[flies_in]] -> 0.81333333 | AK152: =24*E152 -> 12.1 | AL152: =24*F152 -> 16.083333 | AM152: =Table3[[#This Row],[end_time_num]]-Table3[[#This Row],[start_time_num]] -> 3.9833333
A153: 9 | B153: 1 | C153: aft | D153: 19-05-2025 | E153: 0.50416667 | F153: 0.67569444 | G153: 0.17152778 | H153: ABCD | I153: S | J153: 1 | K153: B | L153: F | M153: 8 | N153: 25 | O153: 13 | P153: 3 | Q153: 10 | R153: 14 | S153: 12 | T153: 16 | U153: 7 | V153: 10 | W153: 12 | X153: 8 | Y153: 9 | Z153: 2 | AA153: 1 | AB153: 0 | AC153: =SUMPRODUCT(OG_Data!D$1:S$1, M153:AB153) /SUM(M153:AB153) -> 6.7066667 | AD153: =SUM(M153:AB153) -> 150 | AE153: 0 | AF153: 6 | AG153: 25 | AH153: =Table3[[#This Row],[Flies_per_Vial]]*Table3[[#This Row],[Vials_Total_UsedInMaze]] -> 150 | AI153: =Table3[[#This Row],[total_Flies]]/Table3[[#This Row],[flies_in]] -> 1 | AK153: =24*E153 -> 12.1 | AL153: =24*F153 -> 16.216667 | AM153: =Table3[[#This Row],[end_time_num]]-Table3[[#This Row],[start_time_num]] -> 4.1166667
A154: 9 | B154: 1 | C154: aft | D154: 19-05-2025 | E154: 0.50416667 | F154: 0.68194444 | G154: 0.17777778 | H154: ABCD | I154: S | J154: 1 | K154: C | L154: F | M154: 0 | N154: 0 | O154: 0 | P154: 0 | Q154: 1 | R154: 11 | S154: 5 | T154: 7 | U154: 8 | V154: 2 | W154: 0 | X154: 1 | Y154: 1 | Z154: 0 | AA154: 0 | AB154: 0 | AC154: =SUMPRODUCT(OG_Data!D$1:S$1, M154:AB154) /SUM(M154:AB154) -> 7.75 | AD154: =SUM(M154:AB154) -> 36 | AE154: 1 | AF154: 6 | AG154: 25 | AH154: =Table3[[#This Row],[Flies_per_Vial]]*Table3[[#This Row],[Vials_Total_UsedInMaze]] -> 150 | AI154: =Table3[[#This Row],[total_Flies]]/Table3[[#This Row],[flies_in]] -> 0.24 | AK154: =24*E154 -> 12.1 | AL154: =24*F154 -> 16.366667 | AM154: =Table3[[#This Row],[end_time_num]]-Table3[[#This Row],[start_time_num]] -> 4.2666667
A155: 9 | B155: 1 | C155: aft | D155: 19-05-2025 | E155: 0.50416667 | F155: 0.68680556 | G155: 0.18263889 | H155: ABCD | I155: S | J155: 1 | K155: D | L155: M | M155: 16 | N155: 13 | O155: 11 | P155: 16 | Q155: 11 | R155: 18 | S155: 7 | T155: 4 | U155: 8 | V155: 0 | W155: 4 | X155: 3 | Y155: 1 | Z155: 2 | AA155: 0 | AB155: 0 | AC155: =SUMPRODUCT(OG_Data!D$1:S$1, M155:AB155) /SUM(M155:AB155) -> 5.0526316 | AD155: =SUM(M155:AB155) -> 114 | AE155: 0 | AF155: 6 | AG155: 25 | AH155: =Table3[[#This Row],[Flies_per_Vial]]*Table3[[#This Row],[Vials_Total_UsedInMaze]] -> 150 | AI155: =Table3[[#This Row],[total_Flies]]/Table3[[#This Row],[flies_in]] -> 0.76 | AK155: =24*E155 -> 12.1 | AL155: =24*F155 -> 16.483333 | AM155: =Table3[[#This Row],[end_time_num]]-Table3[[#This Row],[start_time_num]] -> 4.3833333
... A190: 10 | B190: 3 | C190: aft | D190: 04-06-2026 | E190: 0.75694444 | F190: 0.88958333 | G190: 0.13263889 | H190: ABCD | I190: C | J190: 4 | K190: D | L190: F | M190: 0 | N190: 1 | O190: 3 | P190: 3 | Q190: 2 | R190: 5 | S190: 0 | T190: 4 | U190: 10 | V190: 9 | W190: 12 | X190: 6 | Y190: 6 | Z190: 2 | AA190: 4 | AB190: 0 | AC190: =SUMPRODUCT(OG_Data!D$1:S$1, M190:AB190) /SUM(M190:AB190) -> 9.6268657 | AD190: =SUM(M190:AB190) -> 67 | AE190: 0 | AF190: 4 | AG190: 25 | AH190: =Table3[[#This Row],[Flies_per_Vial]]*Table3[[#This Row],[Vials_Total_UsedInMaze]] -> 100 | AI190: =Table3[[#This Row],[total_Flies]]/Table3[[#This Row],[flies_in]] -> 0.67 | AK190: =24*E190 -> 18.166667 | AL190: =24*F190 -> 21.35 | AM190: =Table3[[#This Row],[end_time_num]]-Table3[[#This Row],[start_time_num]] -> 3.1833333
A191: 11 | B191: 1 | C191: morn | D191: 16-06-2025 | E191: 0.39791667 | F191: 0.52430556 | G191: 0.12638889 | H191: ABCD | I191: S | J191: 1 | K191: A | L191: M | M191: 2 | N191: 4 | O191: 3 | P191: 1 | Q191: 3 | R191: 1 | S191: 2 | T191: 0 | U191: 3 | V191: 6 | W191: 11 | X191: 5 | Y191: 6 | Z191: 7 | AA191: 14 | AB191: 26 | AC191: =SUMPRODUCT(OG_Data!D$1:S$1, M191:AB191) /SUM(M191:AB191) -> 12 | AD191: =SUM(M191:AB191) -> 94 | AE191: 0 | AF191: 6 | AG191: 25 | AH191: =Table3[[#This Row],[Flies_per_Vial]]*Table3[[#This Row],[Vials_Total_UsedInMaze]] -> 150 | AI191: =Table3[[#This Row],[total_Flies]]/Table3[[#This Row],[flies_in]] -> 0.62666667 | AK191: =24*E191 -> 9.55 | AL191: =24*F191 -> 12.583333 | AM191: =Table3[[#This Row],[end_time_num]]-Table3[[#This Row],[start_time_num]] -> 3.0333333 | AN191: yes
A192: 11 | B192: 1 | C192: morn | D192: 16-06-2025 | E192: 0.39791667 | F192: 0.53125 | G192: 0.13333333 | H192: ABCD | I192: S | J192: 1 | K192: B | L192: F | M192: 3 | N192: 0 | O192: 1 | P192: 1 | Q192: 1 | R192: 7 | S192: 10 | T192: 13 | U192: 9 | V192: 7 | W192: 4 | X192: 8 | Y192: 4 | Z192: 2 | AA192: 0 | AB192: 1 | AC192: =SUMPRODUCT(OG_Data!D$1:S$1, M192:AB192) /SUM(M192:AB192) -> 8.7042254 | AD192: =SUM(M192:AB192) -> 71 | AE192: 0 | AF192: 6 | AG192: 25 | AH192: =Table3[[#This Row],[Flies_per_Vial]]*Table3[[#This Row],[Vials_Total_UsedInMaze]] -> 150 | AI192: =Table3[[#This Row],[total_Flies]]/Table3[[#This Row],[flies_in]] -> 0.47333333 | AK192: =24*E192 -> 9.55 | AL192: =24*F192 -> 12.75 | AM192: =Table3[[#This Row],[end_time_num]]-Table3[[#This Row],[start_time_num]] -> 3.2 | AN192: yes
A193: 11 | B193: 1 | C193: morn | D193: 16-06-2025 | E193: 0.39791667 | F193: 0.54166667 | G193: 0.14375 | H193: ABCD | I193: S | J193: 1 | K193: C | L193: F | M193: 8 | N193: 12 | O193: 24 | P193: 1 | Q193: 6 | R193: 22 | S193: 4 | T193: 15 | U193: 16 | V193: 3 | W193: 8 | X193: 1 | Y193: 2 | Z193: 0 | AA193: 0 | AB193: 0 | AC193: =SUMPRODUCT(OG_Data!D$1:S$1, M193:AB193) /SUM(M193:AB193) -> 5.8852459 | AD193: =SUM(M193:AB193) -> 122 | AE193: 0 | AF193: 6 | AG193: 25 | AH193: =Table3[[#This Row],[Flies_per_Vial]]*Table3[[#This Row],[Vials_Total_UsedInMaze]] -> 150 | AI193: =Table3[[#This Row],[total_Flies]]/Table3[[#This Row],[flies_in]] -> 0.81333333 | AK193: =24*E193 -> 9.55 | AL193: =24*F193 -> 13 | AM193: =Table3[[#This Row],[end_time_num]]-Table3[[#This Row],[start_time_num]] -> 3.45 | AN193: yes
A194: 11 | B194: 1 | C194: morn | D194: 16-06-2025 | E194: 0.39791667 | F194: 0.5625 | G194: 0.16458333 | H194: ABCD | I194: S | J194: 1 | K194: D | L194: M | M194: 3 | N194: 6 | O194: 9 | P194: 12 | Q194: 4 | R194: 13 | S194: 4 | T194: 10 | U194: 4 | V194: 0 | W194: 5 | X194: 3 | Y194: 2 | Z194: 4 | AA194: 1 | AB194: 0 | AC194: =SUMPRODUCT(OG_Data!D$1:S$1, M194:AB194) /SUM(M194:AB194) -> 6.5 | AD194: =SUM(M194:AB194) -> 80 | AE194: 0 | AF194: 6 | AG194: 25 | AH194: =Table3[[#This Row],[Flies_per_Vial]]*Table3[[#This Row],[Vials_Total_UsedInMaze]] -> 150 | AI194: =Table3[[#This Row],[total_Flies]]/Table3[[#This Row],[flies_in]] -> 0.53333333 | AK194: =24*E194 -> 9.55 | AL194: =24*F194 -> 13.5 | AM194: =Table3[[#This Row],[end_time_num]]-Table3[[#This Row],[start_time_num]] -> 3.95 | AN194: yes
A195: 11 | B195: 1 | C195: aft | D195: 16-06-2025 | E195: 0.58680556 | F195: 0.77569444 | G195: 0.18888889 | H195: CDAB | I195: S | J195: 2 | K195: A | L195: M | M195: 2 | N195: 5 | O195: 1 | P195: 0 | Q195: 5 | R195: 3 | S195: 3 | T195: 5 | U195: 9 | V195: 11 | W195: 6 | X195: 5 | Y195: 12 | Z195: 9 | AA195: 12 | AB195: 32 | AC195: =SUMPRODUCT(OG_Data!D$1:S$1, M195:AB195) /SUM(M195:AB195) -> 11.75 | AD195: =SUM(M195:AB195) -> 120 | AE195: 0 | AF195: 6 | AG195: 25 | AH195: =Table3[[#This Row],[Flies_per_Vial]]*Table3[[#This Row],[Vials_Total_UsedInMaze]] -> 150 | AI195: =Table3[[#This Row],[total_Flies]]/Table3[[#This Row],[flies_in]] -> 0.8 | AK195: =24*E195 -> 14.083333 | AL195: =24*F195 -> 18.616667 | AM195: =Table3[[#This Row],[end_time_num]]-Table3[[#This Row],[start_time_num]] -> 4.5333333 | AN195: no
A196: 11 | B196: 1 | C196: aft | D196: 16-06-2025 | E196: 0.58680556 | F196: 0.78194444 | G196: 0.19513889 | H196: CDAB | I196: S | J196: 2 | K196: B | L196: F | M196: 5 | N196: 4 | O196: 1 | P196: 1 | Q196: 5 | R196: 5 | S196: 7 | T196: 9 | U196: 14 | V196: 8 | W196: 10 | X196: 5 | Y196: 6 | Z196: 6 | AA196: 13 | AB196: 3 | AC196: =SUMPRODUCT(OG_Data!D$1:S$1, M196:AB196) /SUM(M196:AB196) -> 9.5784314 | AD196: =SUM(M196:AB196) -> 102 | AE196: 0 | AF196: 4 | AG196: 25 | AH196: =Table3[[#This Row],[Flies_per_Vial]]*Table3[[#This Row],[Vials_Total_UsedInMaze]] -> 100 | AI196: =Table3[[#This Row],[total_Flies]]/Table3[[#This Row],[flies_in]] -> 1.02 | AK196: =24*E196 -> 14.083333 | AL196: =24*F196 -> 18.766667 | AM196: =Table3[[#This Row],[end_time_num]]-Table3[[#This Row],[start_time_num]] -> 4.6833333 | AN196: no
A197: 11 | B197: 1 | C197: aft | D197: 16-06-2025 | E197: 0.58680556 | F197: 0.79166667 | G197: 0.20486111 | H197: CDAB | I197: S | J197: 2 | K197: C | L197: F | M197: 5 | N197: 8 | O197: 12 | P197: 2 | Q197: 4 | R197: 13 | S197: 3 | T197: 8 | U197: 15 | V197: 7 | W197: 3 | X197: 0 | Y197: 3 | Z197: 0 | AA197: 1 | AB197: 0 | AC197: =SUMPRODUCT(OG_Data!D$1:S$1, M197:AB197) /SUM(M197:AB197) -> 6.4285714 | AD197: =SUM(M197:AB197) -> 84 | AE197: 0 | AF197: 4 | AG197: 25 | AH197: =Table3[[#This Row],[Flies_per_Vial]]*Table3[[#This Row],[Vials_Total_UsedInMaze]] -> 100 | AI197: =Table3[[#This Row],[total_Flies]]/Table3[[#This Row],[flies_in]] -> 0.84 | AK197: =24*E197 -> 14.083333 | AL197: =24*F197 -> 19 | AM197: =Table3[[#This Row],[end_time_num]]-Table3[[#This Row],[start_time_num]] -> 4.9166667 | AN197: no
A198: 11 | B198: 1 | C198: aft | D198: 16-06-2025 | E198: 0.58680556 | F198: 0.79861111 | G198: 0.21180556 | H198: CDAB | I198: S | J198: 2 | K198: D | L198: M | M198: 12 | N198: 12 | O198: 12 | P198: 16 | Q198: 12 | R198: 12 | S198: 4 | T198: 2 | U198: 2 | V198: 0 | W198: 3 | X198: 2 | Y198: 1 | Z198: 0 | AA198: 0 | AB198: 0 | AC198: =SUMPRODUCT(OG_Data!D$1:S$1, M198:AB198) /SUM(M198:AB198) -> 4.4444444 | AD198: =SUM(M198:AB198) -> 90 | AE198: 0 | AF198: 6 | AG198: 25 | AH198: =Table3[[#This Row],[Flies_per_Vial]]*Table3[[#This Row],[Vials_Total_UsedInMaze]] -> 150 | AI198: =Table3[[#This Row],[total_Flies]]/Table3[[#This Row],[flies_in]] -> 0.6 | AK198: =24*E198 -> 14.083333 | AL198: =24*F198 -> 19.166667 | AM198: =Table3[[#This Row],[end_time_num]]-Table3[[#This Row],[start_time_num]] -> 5.0833333 | AN198: no
A199: 11 | B199: 2 | C199: morn | D199: 17-06-2025 | E199: 0.38541667 | F199: 0.52083333 | G199: 0.13541667 | H199: ABCD | I199: S | J199: 3 | K199: A | L199: M | M199: 4 | N199: 1 | O199: 4 | P199: 4 | Q199: 12 | R199: 6 | S199: 3 | T199: 5 | U199: 16 | V199: 20 | W199: 8 | X199: 5 | Y199: 2 | Z199: 2 | AA199: 2 | AB199: 3 | AC199: =SUMPRODUCT(OG_Data!D$1:S$1, M199:AB199) /SUM(M199:AB199) -> 8.4020619 | AD199: =SUM(M199:AB199) -> 97 | AE199: 0 | AF199: 6 | AG199: 20 | AH199: =Table3[[#This Row],[Flies_per_Vial]]*Table3[[#This Row],[Vials_Total_UsedInMaze]] -> 120 | AI199: =Table3[[#This Row],[total_Flies]]/Table3[[#This Row],[flies_in]] -> 0.80833333 | AK199: =24*E199 -> 9.25 | AL199: =24*F199 -> 12.5 | AM199: =Table3[[#This Row],[end_time_num]]-Table3[[#This Row],[start_time_num]] -> 3.25 | AN199: yes
A200: 11 | B200: 2 | C200: morn | D200: 17-06-2025 | E200: 0.38541667 | F200: 0.52847222 | G200: 0.14305556 | H200: ABCD | I200: S | J200: 3 | K200: B | L200: F | M200: 5 | N200: 4 | O200: 4 | P200: 0 | Q200: 3 | R200: 6 | S200: 5 | T200: 4 | U200: 2 | V200: 2 | W200: 2 | X200: 2 | Y200: 2 | Z200: 1 | AA200: 0 | AB200: 1 | AC200: =SUMPRODUCT(OG_Data!D$1:S$1, M200:AB200) /SUM(M200:AB200) -> 6.5813953 | AD200: =SUM(M200:AB200) -> 43 | AE200: 0 | AF200: 6 | AG200: 20 | AH200: =Table3[[#This Row],[Flies_per_Vial]]*Table3[[#This Row],[Vials_Total_UsedInMaze]] -> 120 | AI200: =Table3[[#This Row],[total_Flies]]/Table3[[#This Row],[flies_in]] -> 0.35833333 | AK200: =24*E200 -> 9.25 | AL200: =24*F200 -> 12.683333 | AM200: =Table3[[#This Row],[end_time_num]]-Table3[[#This Row],[start_time_num]] -> 3.4333333 | AN200: yes
A201: 11 | B201: 2 | C201: morn | D201: 17-06-2025 | E201: 0.38541667 | F201: 0.53472222 | G201: 0.14930556 | H201: ABCD | I201: S | J201: 3 | K201: C | L201: F | M201: 14 | N201: 16 | O201: 17 | P201: 3 | Q201: 0 | R201: 9 | S201: 8 | T201: 11 | U201: 2 | V201: 0 | W201: 4 | X201: 0 | Y201: 2 | Z201: 1 | AA201: 1 | AB201: 0 | AC201: =SUMPRODUCT(OG_Data!D$1:S$1, M201:AB201) /SUM(M201:AB201) -> 4.8181818 | AD201: =SUM(M201:AB201) -> 88 | AE201: 0 | AF201: 6 | AG201: 20 | AH201: =Table3[[#This Row],[Flies_per_Vial]]*Table3[[#This Row],[Vials_Total_UsedInMaze]] -> 120 | AI201: =Table3[[#This Row],[total_Flies]]/Table3[[#This Row],[flies_in]] -> 0.73333333 | AK201: =24*E201 -> 9.25 | AL201: =24*F201 -> 12.833333 | AM201: =Table3[[#This Row],[end_time_num]]-Table3[[#This Row],[start_time_num]] -> 3.5833333 | AN201: yes
A202: 11 | B202: 2 | C202: morn | D202: 17-06-2025 | E202: 0.38541667 | F202: 0.54166667 | G202: 0.15625 | H202: ABCD | I202: S | J202: 3 | K202: D | L202: M | M202: 6 | N202: 6 | O202: 5 | P202: 8 | Q202: 14 | R202: 5 | S202: 1 | T202: 2 | U202: 4 | V202: 0 | W202: 1 | X202: 5 | Y202: 3 | Z202: 2 | AA202: 1 | AB202: 1 | AC202: =SUMPRODUCT(OG_Data!D$1:S$1, M202:AB202) /SUM(M202:AB202) -> 6.140625 | AD202: =SUM(M202:AB202) -> 64 | AE202: 0 | AF202: 6 | AG202: 20 | AH202: =Table3[[#This Row],[Flies_per_Vial]]*Table3[[#This Row],[Vials_Total_UsedInMaze]] -> 120 | AI202: =Table3[[#This Row],[total_Flies]]/Table3[[#This Row],[flies_in]] -> 0.53333333 | AK202: =24*E202 -> 9.25 | AL202: =24*F202 -> 13 | AM202: =Table3[[#This Row],[end_time_num]]-Table3[[#This Row],[start_time_num]] -> 3.75 | AN202: yes
... A229: 13 | B229: 1 | C229: aft | D229: 17-07-2025 | E229: 0.56597222 | F229: 0.74027778 | G229: 0.17430556 | H229: CDAB | I229: S | J229: 2 | K229: C | L229: F | M229: 19 | N229: 18 | O229: 27 | P229: 7 | Q229: 7 | R229: 11 | S229: 3 | T229: 6 | U229: 15 | V229: 1 | W229: 2 | X229: 0 | Y229: 2 | Z229: 1 | AA229: 1 | AB229: 1 | AC229: =SUMPRODUCT(OG_Data!D$1:S$1, M229:AB229) /SUM(M229:AB229) -> 4.7272727 | AD229: =SUM(M229:AB229) -> 121 | AE229: 0 | AF229: 6 | AG229: 25 | AH229: =Table3[[#This Row],[Flies_per_Vial]]*Table3[[#This Row],[Vials_Total_UsedInMaze]] -> 150 | AI229: =Table3[[#This Row],[total_Flies]]/Table3[[#This Row],[flies_in]] -> 0.80666667 | AK229: =24*E229 -> 13.583333 | AL229: =24*F229 -> 17.766667 | AM229: =Table3[[#This Row],[end_time_num]]-Table3[[#This Row],[start_time_num]] -> 4.1833333 | AN229: yes
A230: 13 | B230: 1 | C230: aft | D230: 17-07-2025 | E230: 0.56597222 | F230: 0.74513889 | G230: 0.17916667 | H230: CDAB | I230: S | J230: 2 | K230: D | L230: M | M230: 13 | N230: 10 | O230: 10 | P230: 11 | R230: 3 | S230: 6 | T230: 4 | U230: 5 | V230: 0 | W230: 0 | X230: 0 | Y230: 0 | Z230: 1 | AA230: 0 | AB230: 0 | AC230: =SUMPRODUCT(OG_Data!D$1:S$1, M230:AB230) /SUM(M230:AB230) -> 4.0952381 | AD230: =SUM(M230:AB230) -> 63 | AE230: 0 | AF230: 6 | AG230: 25 | AH230: =Table3[[#This Row],[Flies_per_Vial]]*Table3[[#This Row],[Vials_Total_UsedInMaze]] -> 150 | AI230: =Table3[[#This Row],[total_Flies]]/Table3[[#This Row],[flies_in]] -> 0.42 | AK230: =24*E230 -> 13.583333 | AL230: =24*F230 -> 17.883333 | AM230: =Table3[[#This Row],[end_time_num]]-Table3[[#This Row],[start_time_num]] -> 4.3 | AN230: yes
A231: 13 | B231: 2 | C231: morn | D231: 18-07-2025 | E231: 0.39652778 | F231: 0.52777778 | G231: 0.13125 | H231: ABCD | I231: S | J231: 3 | K231: A | L231: M | M231: 2 | N231: 1 | O231: 0 | P231: 1 | Q231: 6 | R231: 4 | S231: 4 | T231: 4 | U231: 4 | V231: 9 | W231: 16 | X231: 2 | Y231: 2 | Z231: 3 | AA231: 13 | AB231: 13 | AC231: =SUMPRODUCT(OG_Data!D$1:S$1, M231:AB231) /SUM(M231:AB231) -> 10.940476 | AD231: =SUM(M231:AB231) -> 84 | AE231: 0 | AF231: 6 | AG231: 20 | AH231: =Table3[[#This Row],[Flies_per_Vial]]*Table3[[#This Row],[Vials_Total_UsedInMaze]] -> 120 | AI231: =Table3[[#This Row],[total_Flies]]/Table3[[#This Row],[flies_in]] -> 0.7 | AK231: =24*E231 -> 9.5166667 | AL231: =24*F231 -> 12.666667 | AM231: =Table3[[#This Row],[end_time_num]]-Table3[[#This Row],[start_time_num]] -> 3.15 | AN231: yes
A232: 13 | B232: 2 | C232: morn | D232: 18-07-2025 | E232: 0.39652778 | F232: 0.53125 | G232: 0.13472222 | H232: ABCD | I232: S | J232: 3 | K232: B | L232: F | M232: 2 | N232: 4 | O232: 0 | P232: 3 | Q232: 3 | R232: 4 | S232: 4 | T232: 2 | U232: 4 | V232: 3 | W232: 5 | X232: 7 | Y232: 7 | Z232: 3 | AA232: 0 | AB232: 0 | AC232: =SUMPRODUCT(OG_Data!D$1:S$1, M232:AB232) /SUM(M232:AB232) -> 8.6862745 | AD232: =SUM(M232:AB232) -> 51 | AE232: 0 | AF232: 5 | AG232: 20 | AH232: =Table3[[#This Row],[Flies_per_Vial]]*Table3[[#This Row],[Vials_Total_UsedInMaze]] -> 100 | AI232: =Table3[[#This Row],[total_Flies]]/Table3[[#This Row],[flies_in]] -> 0.51 | AK232: =24*E232 -> 9.5166667 | AL232: =24*F232 -> 12.75 | AM232: =Table3[[#This Row],[end_time_num]]-Table3[[#This Row],[start_time_num]] -> 3.2333333 | AN232: yes
A233: 13 | B233: 2 | C233: morn | D233: 18-07-2025 | E233: 0.39652778 | F233: 0.53541667 | G233: 0.13888889 | H233: ABCD | I233: S | J233: 3 | K233: C | L233: F | M233: 7 | N233: 16 | O233: 17 | P233: 1 | Q233: 2 | R233: 7 | S233: 3 | T233: 1 | U233: 14 | V233: 5 | W233: 7 | X233: 0 | Y233: 0 | Z233: 0 | AA233: 0 | AB233: 0 | AC233: =SUMPRODUCT(OG_Data!D$1:S$1, M233:AB233) /SUM(M233:AB233) -> 5.35 | AD233: =SUM(M233:AB233) -> 80 | AE233: 0 | AF233: 4 | AG233: 20 | AH233: =Table3[[#This Row],[Flies_per_Vial]]*Table3[[#This Row],[Vials_Total_UsedInMaze]] -> 80 | AI233: =Table3[[#This Row],[total_Flies]]/Table3[[#This Row],[flies_in]] -> 1 | AK233: =24*E233 -> 9.5166667 | AL233: =24*F233 -> 12.85 | AM233: =Table3[[#This Row],[end_time_num]]-Table3[[#This Row],[start_time_num]] -> 3.3333333 | AN233: yes
A234: 13 | B234: 2 | C234: morn | D234: 18-07-2025 | E234: 0.39652778 | F234: 0.53888889 | G234: 0.14236111 | H234: ABCD | I234: S | J234: 3 | K234: D | L234: M | M234: 4 | N234: 4 | O234: 2 | P234: 6 | Q234: 5 | R234: 6 | S234: 5 | T234: 8 | U234: 8 | V234: 2 | W234: 6 | X234: 3 | Y234: 3 | Z234: 4 | AA234: 1 | AB234: 0 | AC234: =SUMPRODUCT(OG_Data!D$1:S$1, M234:AB234) /SUM(M234:AB234) -> 7.5522388 | AD234: =SUM(M234:AB234) -> 67 | AE234: 0 | AF234: 5 | AG234: 20 | AH234: =Table3[[#This Row],[Flies_per_Vial]]*Table3[[#This Row],[Vials_Total_UsedInMaze]] -> 100 | AI234: =Table3[[#This Row],[total_Flies]]/Table3[[#This Row],[flies_in]] -> 0.67 | AK234: =24*E234 -> 9.5166667 | AL234: =24*F234 -> 12.933333 | AM234: =Table3[[#This Row],[end_time_num]]-Table3[[#This Row],[start_time_num]] -> 3.4166667 | AN234: yes
A235: 13 | B235: 2 | C235: aft | D235: 18-07-2025 | E235: 0.55902778 | F235: 0.69166667 | G235: 0.13263889 | H235: CDAB | I235: S | J235: 4 | K235: A | L235: M | M235: 5 | N235: 4 | O235: 7 | P235: 0 | Q235: 6 | R235: 1 | S235: 1 | T235: 2 | U235: 3 | V235: 1 | W235: 3 | X235: 0 | Y235: 1 | Z235: 2 | AA235: 6 | AB235: 0 | AC235: =SUMPRODUCT(OG_Data!D$1:S$1, M235:AB235) /SUM(M235:AB235) -> 7 | AD235: =SUM(M235:AB235) -> 42 | AE235: 0 | AF235: 5 | AG235: 25 | AH235: =Table3[[#This Row],[Flies_per_Vial]]*Table3[[#This Row],[Vials_Total_UsedInMaze]] -> 125 | AI235: =Table3[[#This Row],[total_Flies]]/Table3[[#This Row],[flies_in]] -> 0.336 | AK235: =24*E235 -> 13.416667 | AL235: =24*F235 -> 16.6 | AM235: =Table3[[#This Row],[end_time_num]]-Table3[[#This Row],[start_time_num]] -> 3.1833333 | AN235: yes
A236: 13 | B236: 2 | C236: aft | D236: 18-07-2025 | E236: 0.55902778 | F236: 0.69375 | G236: 0.13472222 | H236: CDAB | I236: S | J236: 4 | K236: B | L236: F | M236: 6 | N236: 3 | O236: 1 | P236: 4 | Q236: 10 | R236: 6 | S236: 7 | T236: 7 | U236: 12 | V236: 6 | W236: 7 | X236: 7 | Y236: 7 | Z236: 2 | AA236: 1 | AB236: 0 | AC236: =SUMPRODUCT(OG_Data!D$1:S$1, M236:AB236) /SUM(M236:AB236) -> 7.9651163 | AD236: =SUM(M236:AB236) -> 86 | AE236: 0 | AF236: 4 | AG236: 25 | AH236: =Table3[[#This Row],[Flies_per_Vial]]*Table3[[#This Row],[Vials_Total_UsedInMaze]] -> 100 | AI236: =Table3[[#This Row],[total_Flies]]/Table3[[#This Row],[flies_in]] -> 0.86 | AK236: =24*E236 -> 13.416667 | AL236: =24*F236 -> 16.65 | AM236: =Table3[[#This Row],[end_time_num]]-Table3[[#This Row],[start_time_num]] -> 3.2333333 | AN236: yes
...

Sheet OG_Data
A1: Gen 1 | B1: Term Vials (1: avoid) | C1: Sex | D1: 1 | E1: 2 | F1: 3 | G1: 4 | H1: 5 | I1: 6 | J1: 7 | K1: 8 | L1: 9 | M1: 10 | N1: 11 | O1: 12 | P1: 13 | Q1: 14 | R1: 15 | S1: 16 | U1: Light Score | V1: Totals
A2: day 4 session 1 | B2: maze A | C2: F | D2: 1 | E2: 0 | F2: 0 | G2: 0 | H2: 2 | I2: 2 | J2: 2 | K2: 10 | L2: 4 | M2: 6 | N2: 5 | O2: 2 | P2: 6 | Q2: 3 | R2: 7 | S2: 4 | U2: =SUMPRODUCT(D1:S1, D2:S2) / SUM(D2:S2) -> 10.759259 | V2: =SUM(D2:S2) -> 54
A3: Start: 10:11am | B3: maze B | C3: M | D3: 1 | E3: 2 | F3: 1 | G3: 1 | H3: 2 | I3: 1 | J3: 6 | K3: 12 | L3: 10 | M3: 5 | N3: 7 | O3: 8 | P3: 3 | Q3: 1 | R3: 2 | S3: 1 | U3: =SUMPRODUCT(D1:S1, D3:S3) / SUM(D3:S3) -> 9.1746032 | V3: =SUM(D3:S3) -> 63
A4: End: 12:30pm | B4: maze C | C4: M | D4: 0 | E4: 2 | F4: 0 | G4: 1 | H4: 1 | I4: 0 | J4: 1 | K4: 4 | L4: 0 | M4: 0 | N4: 2 | O4: 0 | P4: 0 | Q4: 0 | R4: 0 | S4: 0 | U4: =SUMPRODUCT(D1:S1, D4:S4) / SUM(D4:S4) -> 6.7272727 | V4: =SUM(D4:S4) -> 11
B5: maze D | C5: F | D5: 2 | E5: 1 | F5: 2 | G5: 0 | H5: 0 | I5: 0 | J5: 0 | K5: 0 | L5: 2 | M5: 1 | N5: 0 | O5: 2 | P5: 1 | Q5: 1 | R5: 1 | S5: 0 | U5: =SUMPRODUCT(D1:S1, D5:S5) / SUM(D5:S5) -> 8 | V5: =SUM(D5:S5) -> 13
B6: flies collected for S1
A8: day 4 session 2 | B8: maze A | C8: F | D8: 1 | E8: 1 | F8: 0 | G8: 0 | H8: 0 | I8: 6 | J8: 2 | K8: 11 | L8: 7 | M8: 15 | N8: 3 | O8: 6 | P8: 7 | Q8: 9 | R8: 5 | S8: 8 | U8: =SUMPRODUCT(D1:S1, D8:S8) / SUM(D8:S8) -> 10.851852 | V8: =SUM(D8:S8) -> 81
A9: Start: 3:25pm | B9: maze B | C9: M | D9: 1 | E9: 3 | F9: 2 | G9: 1 | H9: 2 | I9: 2 | J9: 7 | K9: 7 | L9: 8 | M9: 9 | N9: 4 | O9: 13 | P9: 10 | Q9: 8 | R9: 1 | S9: 5 | U9: =SUMPRODUCT(D1:S1, D9:S9) / SUM(D9:S9) -> 10.156627 | V9: =SUM(D9:S9) -> 83
A10: after 2.5hrs many flies are still at start | B10: maze C | C10: M | D10: 0 | E10: 0 | F10: 0 | G10: 0 | H10: 0 | I10: 0 | J10: 1 | K10: 2 | L10: 1 | M10: 0 | N10: 6 | O10: 3 | P10: 0 | Q10: 1 | R10: 2 | S10: 1 | U10: =SUMPRODUCT(D1:S1, D10:S10) / SUM(D10:S10) -> 11.411765 | V10: =SUM(D10:S10) -> 17
A11: End: 6:18 | B11: maze D | C11: F | D11: 0 | E11: 2 | F11: 0 | G11: 2 | H11: 0 | I11: 0 | J11: 1 | K11: 0 | L11: 0 | M11: 0 | N11: 0 | O11: 0 | P11: 1 | Q11: 0 | R11: 0 | S11: 0 | U11: =SUMPRODUCT(D1:S1, D11:S11) / SUM(D11:S11) -> 5.3333333 | V11: =SUM(D11:S11) -> 6
B12: flies collected for S2
A14: day 5 session 1 | B14: maze A | C14: M | D14: 0 | E14: 1 | F14: 0 | G14: 0 | H14: 1 | I14: 1 | J14: 1 | K14: 4 | L14: 6 | M14: 6 | N14: 4 | O14: 0 | P14: 0 | Q14: 1 | R14: 1 | S14: 0 | U14: =SUMPRODUCT(D1:S1, D14:S14) / SUM(D14:S14) -> 9.1923077 | V14: =SUM(D14:S14) -> 26
A15: 9:11am - 10:30am | B15: maze B | C15: F | D15: 1 | E15: 2 | F15: 0 | G15: 0 | H15: 3 | I15: 0 | J15: 6 | K15: 8 | L15: 3 | M15: 7 | N15: 5 | O15: 5 | P15: 9 | Q15: 7 | R15: 5 | S15: 2 | U15: =SUMPRODUCT(D1:S1, D15:S15) / SUM(D15:S15) -> 10.47619 | V15: =SUM(D15:S15) -> 63
B16: maze A2 | C16: M | D16: 0 | E16: 4 | F16: 2 | G16: 0 | H16: 3 | I16: 4 | J16: 4 | K16: 11 | L16: 7 | M16: 7 | N16: 15 | O16: 10 | P16: 5 | Q16: 10 | R16: 2 | S16: 2 | U16: =SUMPRODUCT(D1:S1, D16:S16) / SUM(D16:S16) -> 9.9302326 | V16: =SUM(D16:S16) -> 86
A17: 11:15am-12:45pm | B17: maze B2 | C17: F | D17: 4 | E17: 8 | F17: 8 | G17: 4 | H17: 4 | I17: 5 | J17: 6 | K17: 11 | L17: 9 | M17: 6 | N17: 10 | O17: 9 | P17: 3 | Q17: 1 | R17: 3 | S17: 2 | U17: =SUMPRODUCT(D1:S1, D17:S17) / SUM(D17:S17) -> 7.8387097 | V17: =SUM(D17:S17) -> 93
B18: flies collected for S3
A20: day 5 session 2 | B20: maze A | C20: M | D20: 0 | E20: 0 | F20: 0 | G20: 1 | H20: 5 | I20: 3 | J20: 10 | K20: 3 | L20: 6 | M20: 17 | N20: 15 | O20: 6 | P20: 6 | Q20: 3 | R20: 0 | S20: 2 | U20: =SUMPRODUCT(D1:S1, D20:S20) / SUM(D20:S20) -> 9.7922078 | V20: =SUM(D20:S20) -> 77
A21: 1:36pm-3:25pm | B21: maze B | C21: F | D21: 2 | E21: 0 | F21: 6 | G21: 5 | H21: 4 | I21: 1 | J21: 4 | K21: 6 | L21: 4 | M21: 1 | N21: 2 | O21: 3 | P21: 1 | Q21: 0 | R21: 1 | S21: 0 | U21: =SUMPRODUCT(D1:S1, D21:S21) / SUM(D21:S21) -> 6.85 | V21: =SUM(D21:S21) -> 40
B22: maze A2 | C22: M | D22: 0 | E22: 0 | F22: 1 | G22: 0 | H22: 3 | I22: 3 | J22: 8 | K22: 4 | L22: 1 | M22: 8 | N22: 7 | O22: 10 | P22: 9 | Q22: 6 | R22: 0 | S22: 1 | U22: =SUMPRODUCT(D1:S1, D22:S22) / SUM(D22:S22) -> 10.278689 | V22: =SUM(D22:S22) -> 61
A23: 3:50pm-6:15pm | B23: maze B2 | C23: F | D23: 0 | E23: 0 | F23: 3 | G23: 1 | H23: 3 | I23: 6 | J23: 3 | K23: 8 | L23: 5 | M23: 0 | N23: 2 | O23: 5 | P23: 2 | Q23: 3 | R23: 0 | S23: 1 | U23: =SUMPRODUCT(D1:S1, D23:S23) / SUM(D23:S23) -> 8.5714286 | V23: =SUM(D23:S23) -> 42
B24: flies collected for S4
A26: day 5 session 3 | B26: maze A | C26: M | D26: 1 | E26: 1 | F26: 3 | G26: 1 | H26: 2 | I26: 0 | J26: 7 | K26: 3 | L26: 1 | M26: 2 | N26: 1 | O26: 6 | P26: 3 | Q26: 0 | R26: 1 | S26: 2 | U26: =SUMPRODUCT(D1:S1, D26:S26) / SUM(D26:S26) -> 8.7352941 | V26: =SUM(D26:S26) -> 34
A27: 6:42pm-9pm | B27: maze B | C27: F | D27: 0 | E27: 0 | F27: 0 | G27: 0 | H27: 1 | I27: 2 | J27: 2 | K27: 4 | L27: 3 | M27: 4 | N27: 3 | O27: 3 | P27: 3 | Q27: 1 | R27: 0 | S27: 1 | U27: =SUMPRODUCT(D1:S1, D27:S27) / SUM(D27:S27) -> 9.9259259 | V27: =SUM(D27:S27) -> 27
B28: flies collected for S1
B29: flies collected for S2
A31: day 6 session 1 | B31: maze A | C31: M | D31: 0 | E31: 0 | F31: 0 | G31: 0 | H31: 1 | I31: 1 | J31: 2 | K31: 6 | L31: 4 | M31: 14 | N31: 6 | O31: 5 | P31: 2 | Q31: 4 | R31: 1 | S31: 2 | U31: =SUMPRODUCT(D1:S1, D31:S31) / SUM(D31:S31) -> 10.5 | V31: =SUM(D31:S31) -> 48
A32: 10am-11:17am | B32: maze B | C32: F | D32: 4 | E32: 3 | F32: 0 | G32: 0 | H32: 2 | I32: 2 | J32: 4 | K32: 3 | L32: 0 | M32: 5 | N32: 3 | O32: 9 | P32: 5 | Q32: 4 | R32: 2 | S32: 3 | U32: =SUMPRODUCT(D1:S1, D32:S32) / SUM(D32:S32) -> 9.6734694 | V32: =SUM(D32:S32) -> 49
B33: flies collected for C1
A36: day 6 session 2 | B36: maze A | C36: M | D36: 0 | E36: 1 | F36: 0 | G36: 2 | H36: 1 | I36: 1 | J36: 6 | K36: 10 | L36: 8 | M36: 6 | N36: 10 | O36: 9 | P36: 7 | Q36: 2 | R36: 5 | S36: 0 | U36: =SUMPRODUCT(D1:S1, D36:S36) / SUM(D36:S36) -> 10.102941 | V36: =SUM(D36:S36) -> 68
A37: 11:42am-1:40pm | B37: maze B | C37: F | D37: 9 | E37: 9 | F37: 3 | G37: 0 | H37: 1 | I37: 2 | J37: 1 | K37: 1 | L37: 2 | M37: 3 | N37: 2 | O37: 2 | P37: 0 | Q37: 2 | R37: 6 | S37: 1 | U37: =SUMPRODUCT(D1:S1, D37:S37) / SUM(D37:S37) -> 6.7272727 | V37: =SUM(D37:S37) -> 44
B38: flies collected for C2
A41: day 6 session 3 | B41: maze A | C41: M | D41: 0 | E41: 0 | F41: 0 | G41: 0 | H41: 3 | I41: 2 | J41: 4 | K41: 7 | L41: 2 | M41: 4 | N41: 9 | O41: 8 | P41: 6 | Q41: 4 | R41: 8 | S41: 2 | U41: =SUMPRODUCT(D1:S1, D41:S41) / SUM(D41:S41) -> 11.016949 | V41: =SUM(D41:S41) -> 59
A42: 2:04pm-4pm | B42: maze B | C42: F | D42: 9 | E42: 5 | F42: 4 | G42: 1 | H42: 3 | I42: 2 | J42: 1 | K42: 3 | L42: 2 | M42: 3 | N42: 0 | O42: 0 | P42: 1 | Q42: 5 | R42: 3 | S42: 3 | U42: =SUMPRODUCT(D1:S1, D42:S42) / SUM(D42:S42) -> 7.0444444 | V42: =SUM(D42:S42) -> 45
B43: flies collected for C3
A45: day 6 session 4 | B45: maze A | C45: M | D45: 0 | E45: 1 | F45: 0 | G45: 0 | H45: 2 | I45: 6 | J45: 4 | K45: 5 | L45: 3 | M45: 8 | N45: 9 | O45: 6 | P45: 10 | Q45: 5 | R45: 6 | S45: 1 | U45: =SUMPRODUCT(D1:S1, D45:S45) / SUM(D45:S45) -> 10.606061 | V45: =SUM(D45:S45) -> 66
A46: 4:18pm-7pm | B46: maze B | C46: F | D46: 14 | E46: 13 | F46: 4 | G46: 1 | H46: 2 | I46: 2 | J46: 4 | K46: 4 | L46: 3 | M46: 4 | N46: 1 | O46: 3 | P46: 6 | Q46: 7 | R46: 6 | S46: 8 | U46: =SUMPRODUCT(D1:S1, D46:S46) / SUM(D46:S46) -> 7.8780488 | V46: =SUM(D46:S46) -> 82
B47: flies collected for C4
A49: Gen 2 | B49: Term Vials | C49: Sex | D49: 1 | E49: 2 | F49: 3 | G49: 4 | H49: 5 | I49: 6 | J49: 7 | K49: 8 | L49: 9 | M49: 10 | N49: 11 | O49: 12 | P49: 13 | Q49: 14 | R49: 15 | S49: 16
A50: day 4 session 1 | B50: S1
A51: 11:07am | B51: maze A | C51: F | D51: 0 | E51: 0 | F51: 1 | G51: 2 | H51: 2 | I51: 2 | J51: 2 | K51: 4 | L51: 9 | M51: 10 | N51: 10 | O51: 7 | P51: 4 | Q51: 2 | R51: 14 | S51: 3 | U51: =SUMPRODUCT(D49:S49, D51:S51) / SUM(D51:S51) -> 11 | V51: =SUM(D51:S51) -> 72
B52: maze B | C52: M | D52: 0 | E52: 3 | F52: 2 | G52: 2 | H52: 3 | I52: 3 | J52: 12 | K52: 11 | L52: 10 | M52: 9 | N52: 9 | O52: 4 | P52: 7 | Q52: 5 | R52: 6 | S52: 2 | U52: =SUMPRODUCT(D49:S49, D52:S52) / SUM(D52:S52) -> 9.4886364 | V52: =SUM(D52:S52) -> 88
B53: maze C | C53: M | D53: 1 | E53: 6 | F53: 5 | G53: 2 | H53: 3 | I53: 4 | J53: 3 | K53: 3 | L53: 3 | M53: 3 | N53: 2 | O53: 1 | P53: 1 | Q53: 0 | R53: 1 | S53: 5 | U53: =SUMPRODUCT(D49:S49, D53:S53) / SUM(D53:S53) -> 7.4186047 | V53: =SUM(D53:S53) -> 43
B54: maze D | C54: F | D54: 0 | E54: 3 | F54: 6 | G54: 5 | H54: 10 | I54: 7 | J54: 11 | K54: 10 | L54: 6 | M54: 3 | N54: 9 | O54: 9 | P54: 2 | Q54: 3 | R54: 0 | S54: 0 | U54: =SUMPRODUCT(D49:S49, D54:S54) / SUM(D54:S54) -> 7.7619048 | V54: =SUM(D54:S54) -> 84
A56: day 4 session 2 | B56: S2
A57: 2:15pm | B57: maze A | C57: F | D57: 0 | E57: 0 | F57: 0 | G57: 0 | H57: 0 | I57: 1 | J57: 5 | K57: 3 | L57: 13 | M57: 19 | N57: 17 | O57: 12 | P57: 23 | Q57: 5 | R57: 7 | S57: 3 | U57: =SUMPRODUCT(D49:S49, D57:S57) / SUM(D57:S57) -> 11.342593 | V57: =SUM(D57:S57) -> 108
B58: maze B | C58: M | D58: 11 | E58: 0 | F58: 8 | G58: 3 | H58: 6 | I58: 4 | J58: 8 | K58: 8 | L58: 6 | M58: 7 | N58: 4 | O58: 4 | P58: 2 | Q58: 4 | R58: 0 | S58: 0 | U58: =SUMPRODUCT(D49:S49, D58:S58) / SUM(D58:S58) -> 6.92 | V58: =SUM(D58:S58) -> 75
B59: maze C | C59: M | D59: 11 | E59: 14 | F59: 25 | G59: 1 | H59: 9 | I59: 16 | J59: 5 | K59: 4 | L59: 2 | M59: 0 | N59: 1 | O59: 1 | P59: 1 | Q59: 1 | R59: 0 | S59: 0 | U59: =SUMPRODUCT(D49:S49, D59:S59) / SUM(D59:S59) -> 4.3296703 | V59: =SUM(D59:S59) -> 91
B60: maze D | C60: F | D60: 0 | E60: 3 | F60: 5 | G60: 5 | H60: 10 | I60: 7 | J60: 7 | K60: 12 | L60: 9 | M60: 13 | N60: 14 | O60: 5 | P60: 2 | Q60: 0 | R60: 0 | S60: 0 | U60: =SUMPRODUCT(D49:S49, D60:S60) / SUM(D60:S60) -> 7.923913 | V60: =SUM(D60:S60) -> 92
A61: day 5 session 1 | B61: S3
A62: 10:20am | B62: maze A | C62: F | D62: 0 | E62: 1 | F62: 0 | G62: 6 | H62: 1 | I62: 1 | J62: 3 | K62: 5 | L62: 10 | M62: 13 | N62: 11 | O62: 6 | P62: 2 | Q62: 6 | R62: 21 | S62: 15 | U62: =SUMPRODUCT(D$1:S$1, D62:S62) / SUM(D62:S62) -> 11.643564 | V62: =SUM(D62:S62) -> 101
B63: maze B | C63: M | D63: 4 | E63: 4 | F63: 2 | G63: 0 | H63: 0 | I63: 2 | J63: 8 | K63: 10 | L63: 6 | M63: 8 | N63: 6 | O63: 10 | P63: 5 | Q63: 8 | R63: 4 | S63: 4 | U63: =SUMPRODUCT(D$1:S$1, D63:S63) / SUM(D63:S63) -> 9.7160494 | V63: =SUM(D63:S63) -> 81
B64: maze C | C64: M | D64: 6 | E64: 4 | F64: 0 | G64: 10 | H64: 5 | I64: 6 | J64: 6 | K64: 11 | L64: 5 | M64: 4 | N64: 1 | O64: 7 | P64: 2 | Q64: 3 | R64: 0 | S64: 0 | U64: =SUMPRODUCT(D$1:S$1, D64:S64) / SUM(D64:S64) -> 7.0428571 | V64: =SUM(D64:S64) -> 70
B65: maze D | C65: F | D65: 2 | E65: 4 | F65: 4 | G65: 2 | H65: 11 | I65: 1 | J65: 0 | K65: 11 | L65: 6 | M65: 5 | N65: 4 | O65: 8 | P65: 0 | Q65: 0 | R65: 0 | S65: 0 | U65: =SUMPRODUCT(D$1:S$1, D65:S65) / SUM(D65:S65) -> 7.2931034 | V65: =SUM(D65:S65) -> 58
A67: day 5 session 2 | B67: S4
A68: 1:04pm | B68: maze A | C68: F | D68: 0 | E68: 0 | F68: 0 | G68: 2 | H68: 0 | I68: 3 | J68: 3 | K68: 7 | L68: 14 | M68: 17 | N68: 21 | O68: 6 | P68: 22 | Q68: 5 | R68: 10 | S68: 0 | U68: =SUMPRODUCT(D$1:S$1, D68:S68) / SUM(D68:S68) -> 10.981818 | V68: =SUM(D68:S68) -> 110
B69: maze B | C69: M | D69: 29 | E69: 11 | F69: 4 | G69: 3 | H69: 7 | I69: 8 | J69: 4 | K69: 7 | L69: 6 | M69: 1 | N69: 2 | O69: 5 | P69: 1 | Q69: 2 | R69: 0 | S69: 0 | U69: =SUMPRODUCT(D$1:S$1, D69:S69) / SUM(D69:S69) -> 4.7666667 | V69: =SUM(D69:S69) -> 90
B70: maze C | C70: M | D70: 18 | E70: 14 | F70: 18 | G70: 3 | H70: 14 | I70: 14 | J70: 6 | K70: 8 | L70: 10 | M70: 0 | N70: 0 | O70: 2 | P70: 0 | Q70: 2 | R70: 0 | S70: 0 | U70: =SUMPRODUCT(D$1:S$1, D70:S70) / SUM(D70:S70) -> 4.7155963 | V70: =SUM(D70:S70) -> 109
B71: maze D | C71: F | D71: 1 | E71: 10 | F71: 7 | G71: 6 | H71: 2 | I71: 2 | J71: 0 | K71: 12 | L71: 8 | M71: 3 | N71: 1 | O71: 1 | P71: 0 | Q71: 1 | R71: 0 | S71: 0 | U71: =SUMPRODUCT(D$1:S$1, D71:S71) / SUM(D71:S71) -> 5.9814815 | V71: =SUM(D71:S71) -> 54
A73: Gen 3 | B73: Term Vials | C73: Sex | D73: 1 | E73: 2 | F73: 3 | G73: 4 | H73: 5 | I73: 6 | J73: 7 | K73: 8 | L73: 9 | M73: 10 | N73: 11 | O73: 12 | P73: 13 | Q73: 14 | R73: 15 | S73: 16
A74: day 4 session 1 | B74: S2
A75: 9:05am | B75: maze A | C75: M | D75: 0 | E75: 0 | F75: 0 | G75: 0 | H75: 3 | I75: 1 | J75: 1 | K75: 5 | L75: 5 | M75: 7 | N75: 5 | O75: 3 | P75: 4 | Q75: 6 | R75: 16 | S75: 14 | U75: =SUMPRODUCT(D$1:S$1, D75:S75) / SUM(D75:S75) -> 12.485714 | V75: =SUM(D75:S75) -> 70
B76: maze B | C76: F | D76: 7 | E76: 3 | F76: 1 | G76: 1 | H76: 1 | I76: 5 | J76: 10 | K76: 7 | L76: 7 | M76: 6 | N76: 8 | O76: 11 | P76: 7 | Q76: 8 | R76: 8 | S76: 5 | U76: =SUMPRODUCT(D$1:S$1, D76:S76) / SUM(D76:S76) -> 9.7578947 | V76: =SUM(D76:S76) -> 95
B77: maze C | C77: F | D77: 0 | E77: 5 | F77: 5 | G77: 3 | H77: 4 | I77: 7 | J77: 6 | K77: 9 | L77: 14 | M77: 7 | N77: 5 | O77: 5 | P77: 1 | Q77: 1 | R77: 4 | S77: 4 | U77: =SUMPRODUCT(D$1:S$1, D77:S77) / SUM(D77:S77) -> 8.4375 | V77: =SUM(D77:S77) -> 80
B78: maze D | C78: M | D78: 0 | E78: 5 | F78: 0 | G78: 4 | H78: 4 | I78: 2 | J78: 1 | K78: 7 | L78: 5 | M78: 3 | N78: 6 | O78: 4 | P78: 1 | Q78: 2 | R78: 3 | S78: 3 | U78: =SUMPRODUCT(D$1:S$1, D78:S78) / SUM(D78:S78) -> 8.88 | V78: =SUM(D78:S78) -> 50
A80: day 4 session 2 | B80: S1
A81: 11:40am | B81: maze A | C81: M | D81: 0 | E81: 0 | F81: 0 | G81: 0 | H81: 1 | I81: 0 | J81: 2 | K81: 2 | L81: 5 | M81: 5 | N81: 23 | O81: 17 | P81: 28 | Q81: 9 | R81: 6 | S81: 0 | U81: =SUMPRODUCT(D$1:S$1, D81:S81) / SUM(D81:S81) -> 11.908163 | V81: =SUM(D81:S81) -> 98
B82: maze B | C82: F | D82: 2 | E82: 1 | F82: 2 | G82: 6 | H82: 10 | I82: 10 | J82: 12 | K82: 12 | L82: 7 | M82: 7 | N82: 3 | O82: 2 | P82: 4 | Q82: 4 | R82: 3 | S82: 1 | U82: =SUMPRODUCT(D$1:S$1, D82:S82) / SUM(D82:S82) -> 7.9418605 | V82: =SUM(D82:S82) -> 86
B83: maze C | C83: F | D83: 18 | E83: 40 | F83: 17 | G83: 7 | H83: 12 | I83: 8 | J83: 3 | K83: 2 | L83: 1 | M83: 0 | N83: 3 | O83: 1 | P83: 1 | Q83: 0 | R83: 0 | S83: 1 | U83: =SUMPRODUCT(D$1:S$1, D83:S83) / SUM(D83:S83) -> 3.5526316 | V83: =SUM(D83:S83) -> 114
B84: maze D | C84: M | D84: 1 | E84: 8 | F84: 3 | G84: 3 | H84: 6 | I84: 10 | J84: 4 | K84: 7 | L84: 15 | M84: 7 | N84: 14 | O84: 7 | P84: 3 | Q84: 4 | R84: 0 | S84: 1 | U84: =SUMPRODUCT(D$1:S$1, D84:S84) / SUM(D84:S84) -> 8.2365591 | V84: =SUM(D84:S84) -> 93
A85: day 5 session 1 | B85: S4
A86: 9am | B86: maze A | C86: M | D86: 0 | E86: 0 | F86: 0 | G86: 1 | H86: 1 | I86: 0 | J86: 2 | K86: 2 | L86: 5 | M86: 2 | N86: 4 | O86: 4 | P86: 6 | Q86: 3 | R86: 17 | S86: 13 | U86: =SUMPRODUCT(D$1:S$1, D86:S86) / SUM(D86:S86) -> 12.983333 | V86: =SUM(D86:S86) -> 60
B87: maze B | C87: F | D87: 3 | E87: 3 | F87: 6 | G87: 1 | H87: 3 | I87: 3 | J87: 13 | K87: 10 | L87: 4 | M87: 7 | N87: 8 | O87: 9 | P87: 5 | Q87: 4 | R87: 5 | S87: 3 | U87: =SUMPRODUCT(D$1:S$1, D87:S87) / SUM(D87:S87) -> 8.9770115 | V87: =SUM(D87:S87) -> 87
B88: maze C | C88: F | D88: 5 | E88: 8 | F88: 11 | G88: 4 | H88: 6 | I88: 18 | J88: 1 | K88: 15 | L88: 13 | M88: 4 | N88: 17 | O88: 2 | P88: 4 | Q88: 0 | R88: 1 | S88: 3 | U88: =SUMPRODUCT(D$1:S$1, D88:S88) / SUM(D88:S88) -> 7.3035714 | V88: =SUM(D88:S88) -> 112
B89: maze D | C89: M | D89: 0 | E89: 3 | F89: 2 | G89: 3 | H89: 5 | I89: 0 | J89: 3 | K89: 8 | L89: 4 | M89: 4 | N89: 0 | O89: 1 | P89: 0 | Q89: 1 | R89: 1 | S89: 0 | U89: =SUMPRODUCT(D$1:S$1, D89:S89) / SUM(D89:S89) -> 7.1714286 | V89: =SUM(D89:S89) -> 35
A91: day 5 session 2 | B91: S3
A92: 12:33pm | B92: maze A | C92: M | D92: 0 | E92: 0 | F92: 0 | G92: 1 | H92: 5 | I92: 8 | J92: 14 | K92: 13 | L92: 9 | M92: 5 | N92: 5 | O92: 0 | P92: 1 | Q92: 4 | R92: 14 | S92: 4 | U92: =SUMPRODUCT(D$1:S$1, D92:S92) / SUM(D92:S92) -> 9.7349398 | V92: =SUM(D92:S92) -> 83
B93: maze B | C93: F | D93: 15 | E93: 13 | F93: 11 | G93: 13 | H93: 10 | I93: 7 | J93: 6 | K93: 7 | L93: 3 | M93: 4 | N93: 5 | O93: 1 | P93: 0 | Q93: 1 | R93: 15 | S93: 16 | U93: =SUMPRODUCT(D$1:S$1, D93:S93) / SUM(D93:S93) -> 7.4409449 | V93: =SUM(D93:S93) -> 127
B94: maze C | C94: F | D94: 14 | E94: 15 | F94: 20 | G94: 5 | H94: 11 | I94: 22 | J94: 3 | K94: 10 | L94: 3 | M94: 1 | N94: 3 | O94: 2 | P94: 1 | Q94: 1 | R94: 0 | S94: 0 | U94: =SUMPRODUCT(D$1:S$1, D94:S94) / SUM(D94:S94) -> 4.8018018 | V94: =SUM(D94:S94) -> 111
B95: maze D | C95: M | D95: 7 | E95: 15 | F95: 4 | G95: 9 | H95: 9 | I95: 5 | J95: 3 | K95: 12 | L95: 3 | M95: 5 | N95: 4 | O95: 3 | P95: 1 | Q95: 2 | R95: 0 | S95: 0 | U95: =SUMPRODUCT(D$1:S$1, D95:S95) / SUM(D95:S95) -> 5.7926829 | V95: =SUM(D95:S95) -> 82
A97: Gen 4 | B97: Term Vials | C97: Sex | D97: 1 | E97: 2 | F97: 3 | G97: 4 | H97: 5 | I97: 6 | J97: 7 | K97: 8 | L97: 9 | M97: 10 | N97: 11 | O97: 12 | P97: 13 | Q97: 14 | R97: 15 | S97: 16
A98: day 4 session 1 | B98: S1
A99: 10:40am | B99: maze A | C99: F | D99: 0 | E99: 1 | F99: 0 | G99: 0 | H99: 3 | I99: 2 | J99: 5 | K99: 14 | L99: 9 | M99: 5 | N99: 10 | O99: 2 | P99: 0 | Q99: 5 | R99: 3 | S99: 1 | U99: =SUMPRODUCT(D$1:S$1, D99:S99) / SUM(D99:S99) -> 9.5333333 | V99: =SUM(D99:S99) -> 60
B100: maze B | C100: M | D100: 2 | E100: 2 | F100: 0 | G100: 1 | H100: 0 | I100: 1 | J100: 9 | K100: 6 | L100: 4 | M100: 5 | N100: 0 | O100: 5 | P100: 5 | Q100: 5 | R100: 9 | S100: 11 | U100: =SUMPRODUCT(D$1:S$1, D100:S100) / SUM(D100:S100) -> 11.061538 | V100: =SUM(D100:S100) -> 65
B101: maze C | C101: M | D101: 4 | E101: 6 | F101: 13 | G101: 4 | H101: 5 | I101: 9 | J101: 4 | K101: 6 | L101: 14 | M101: 3 | N101: 7 | O101: 1 | P101: 0 | Q101: 2 | R101: 1 | S101: 0 | U101: =SUMPRODUCT(D$1:S$1, D101:S101) / SUM(D101:S101) -> 6.5063291 | V101: =SUM(D101:S101) -> 79
B102: maze D | C102: F | D102: 3 | E102: 6 | F102: 2 | G102: 12 | H102: 4 | I102: 10 | J102: 1 | K102: 13 | L102: 10 | M102: 3 | N102: 2 | O102: 3 | P102: 3 | Q102: 3 | R102: 1 | S102: 0 | U102: =SUMPRODUCT(D$1:S$1, D102:S102) / SUM(D102:S102) -> 7.0263158 | V102: =SUM(D102:S102) -> 76
A104: day 4 session 2 | B104: S2
A105: 2:15pm | B105: maze A | C105: F | D105: 1 | E105: 0 | F105: 0 | G105: 2 | H105: 1 | I105: 1 | J105: 1 | K105: 5 | L105: 3 | M105: 5 | N105: 6 | O105: 8 | P105: 9 | Q105: 11 | R105: 12 | S105: 13 | U105: =SUMPRODUCT(D$1:S$1, D105:S105) / SUM(D105:S105) -> 12.371795 | V105: =SUM(D105:S105) -> 78
B106: maze B | C106: M | D106: 3 | E106: 5 | F106: 5 | G106: 1 | H106: 3 | I106: 2 | J106: 4 | K106: 2 | L106: 10 | M106: 5 | N106: 3 | O106: 8 | P106: 4 | Q106: 5 | R106: 5 | S106: 6 | U106: =SUMPRODUCT(D$1:S$1, D106:S106) / SUM(D106:S106) -> 9.3661972 | V106: =SUM(D106:S106) -> 71
B107: maze C | C107: M | D107: 29 | E107: 21 | F107: 9 | G107: 9 | H107: 9 | I107: 4 | J107: 2 | K107: 4 | L107: 3 | M107: 2 | N107: 0 | O107: 2 | P107: 0 | Q107: 0 | R107: 1 | S107: 0 | U107: =SUMPRODUCT(D$1:S$1, D107:S107) / SUM(D107:S107) -> 3.5263158 | V107: =SUM(D107:S107) -> 95
B108: maze D | C108: F | D108: 3 | E108: 3 | F108: 9 | G108: 6 | H108: 4 | I108: 17 | J108: 2 | K108: 8 | L108: 15 | M108: 13 | N108: 9 | O108: 5 | P108: 10 | Q108: 3 | R108: 0 | S108: 0 | U108: =SUMPRODUCT(D$1:S$1, D108:S108) / SUM(D108:S108) -> 8 | V108: =SUM(D108:S108) -> 107
A109: day 5 session 1 | B109: S3
A110: 9:57am | B110: maze A | C110: F | D110: 0 | E110: 1 | F110: 0 | G110: 0 | H110: 2 | I110: 6 | J110: 7 | K110: 22 | L110: 4 | M110: 10 | N110: 2 | O110: 10 | P110: 3 | Q110: 11 | R110: 3 | S110: 5 | U110: =SUMPRODUCT(D$1:S$1, D110:S110) / SUM(D110:S110) -> 10.104651 | V110: =SUM(D110:S110) -> 86
B111: maze B | C111: M | D111: 3 | E111: 5 | F111: 4 | G111: 1 | H111: 5 | I111: 4 | J111: 8 | K111: 10 | L111: 13 | M111: 3 | N111: 7 | O111: 7 | P111: 4 | Q111: 3 | R111: 9 | S111: 15 | U111: =SUMPRODUCT(D$1:S$1, D111:S111) / SUM(D111:S111) -> 9.8118812 | V111: =SUM(D111:S111) -> 101
B112: maze C | C112: M | D112: 4 | E112: 14 | F112: 15 | G112: 4 | H112: 5 | I112: 6 | J112: 5 | K112: 2 | L112: 14 | M112: 4 | N112: 3 | O112: 2 | P112: 3 | Q112: 1 | R112: 1 | S112: 3 | U112: =SUMPRODUCT(D$1:S$1, D112:S112) / SUM(D112:S112) -> 6.3255814 | V112: =SUM(D112:S112) -> 86
B113: maze D | C113: F | D113: 4 | E113: 7 | F113: 8 | G113: 8 | H113: 8 | I113: 9 | J113: 4 | K113: 14 | L113: 9 | M113: 7 | N113: 2 | O113: 6 | P113: 1 | Q113: 0 | R113: 1 | S113: 0 | U113: =SUMPRODUCT(D$1:S$1, D113:S113) / SUM(D113:S113) -> 6.6022727 | V113: =SUM(D113:S113) -> 88
A115: day 5 session 2 | B115: S4
A116: 12:50pm | B116: maze A | C116: F | D116: 0 | E116: 0 | F116: 2 | G116: 2 | H116: 2 | I116: 5 | J116: 2 | K116: 14 | L116: 4 | M116: 5 | N116: 7 | O116: 11 | P116: 6 | Q116: 15 | R116: 8 | S116: 3 | U116: =SUMPRODUCT(D$1:S$1, D116:S116) / SUM(D116:S116) -> 10.825581 | V116: =SUM(D116:S116) -> 86
B117: maze B | C117: M | D117: 9 | E117: 9 | F117: 11 | G117: 0 | H117: 6 | I117: 5 | J117: 2 | K117: 5 | L117: 6 | M117: 2 | N117: 3 | O117: 1 | P117: 1 | Q117: 0 | R117: 1 | S117: 3 | U117: =SUMPRODUCT(D$1:S$1, D117:S117) / SUM(D117:S117) -> 5.765625 | V117: =SUM(D117:S117) -> 64
B118: maze C | C118: M | D118: 14 | E118: 19 | F118: 16 | G118: 8 | H118: 7 | I118: 10 | J118: 2 | K118: 5 | L118: 6 | M118: 2 | N118: 0 | O118: 2 | P118: 0 | Q118: 0 | R118: 0 | S118: 0 | U118: =SUMPRODUCT(D$1:S$1, D118:S118) / SUM(D118:S118) -> 4.1648352 | V118: =SUM(D118:S118) -> 91
B119: maze D | C119: F | D119: 10 | E119: 2 | F119: 3 | G119: 2 | H119: 9 | I119: 11 | J119: 6 | K119: 11 | L119: 8 | M119: 6 | N119: 0 | O119: 2 | P119: 0 | Q119: 0 | R119: 0 | S119: 0 | U119: =SUMPRODUCT(D$1:S$1, D119:S119) / SUM(D119:S119) -> 6.1142857 | V119: =SUM(D119:S119) -> 70
...
